"","Activated_B_cell","Activated_CD4_T_cell","Activated_CD8_T_cell","Central_memory_CD4_T_cell","Central_memory_CD8_T_cell","Effector_memory_CD4_T_cell","Effector_memory_CD8_T_cell","Regulatory_T_cell","T_follicular_helper_cell","Type_1_T_helper_cell","Type_2_T_helper_cell","Type_17_T_helper_cell","Activated_dendritic_cell","Immature_dendritic_cell","Plasmacytoid_dendritic_cell","Macrophage","M1_Macrophage","M2_Macrophage","Monocyte","Natural_killer_cell","Neutrophil","Mast_cell","Eosinophil","MDSC","Natural_killer_T_cell"
"ESR1",0.442743476919235,0.631769914050214,0.311255642535193,0.385212261193754,0.257287417767412,0.400539165300816,0.314470446066587,0.420003695844335,0.316913405213261,0.412493820535507,0.658273140291182,0.593736163137467,0.0807607837404477,0.450738935626223,-0.222588470175358,0.463750419850464,0.51819846984061,0.606967711695416,0.599894571774126,0.475583477272348,0.402312877586884,0.27140055351156,0.646653879192535,0.629591677873178,0.196697689244474
"RRM2",-0.373955028913777,-0.599070299355464,-0.323965934101438,-0.504334427163339,-0.33981626658147,-0.491267925822258,-0.371716961124356,-0.266341312490643,-0.379084046790307,-0.255343040067097,-0.455707220367615,-0.555478630655436,-0.150768410774501,-0.526858144964505,0.210045578777552,-0.479716139179664,-0.387372484287475,-0.57954110539342,-0.684545039762679,-0.488266926419666,-0.357102677631417,-0.234731678812919,-0.548319010461547,-0.488481420952092,-0.273108094633045
"HAMP",0.376104953279907,0.561622628374837,0.381882787922735,0.585436263815038,0.451756142828241,0.536735738480371,0.443814542580705,0.167066624474463,0.30192661975321,0.266873043303185,0.430265742973535,0.413164983023992,0.229150874389223,0.55662052850602,-0.093835653234148,0.568346059243908,0.390902841620252,0.659713989422331,0.699912039826638,0.512218022107446,0.446313928578278,0.244371548891654,0.430267309817396,0.477874366623756,0.380890676560123
"EGR1",0.346939796837562,0.617618216339665,0.388282086132012,0.596881268714347,0.45833050056795,0.552183549634542,0.449196535604091,0.221067282077949,0.319739155636428,0.267366295183554,0.422510104840602,0.388818863625746,0.276737569351098,0.529903301710907,-0.167954532138603,0.493680402947578,0.449958614109022,0.560773910071861,0.672835178770127,0.511382826480497,0.397784195875647,0.278749481633942,0.423242291733948,0.452726594627928,0.367434285860401
"CDK1",-0.345200842717872,-0.554590487974353,-0.331329896974261,-0.498402456714593,-0.34841001558989,-0.496707444863716,-0.385675134832291,-0.218587047109099,-0.333807933083138,-0.232490016081034,-0.454848408114866,-0.500716291456825,-0.122650866141818,-0.504495528472738,0.213776954496896,-0.526585932333353,-0.377733979461581,-0.633356612793036,-0.711494425286227,-0.497790528482511,-0.328340107063072,-0.236954219237965,-0.510533771841608,-0.529237864680768,-0.289630998183073
"CNIH4",-0.510258182129203,-0.650460045165219,-0.37467053241515,-0.503623414750832,-0.379374445482767,-0.491238473978868,-0.404665342300047,-0.386020284394963,-0.344515071551354,-0.389645238165954,-0.615887826095539,-0.457066423853817,-0.217060595532725,-0.512399349386728,0.150699914245923,-0.449038587044016,-0.490354358218861,-0.542297606041964,-0.627170960295479,-0.457398795977546,-0.366502547208937,-0.278227560966077,-0.604204705462613,-0.555986915159397,-0.268290127947547
"GSTZ1",0.349007163797808,0.552147517048331,0.3336171263068,0.429936330777889,0.287069023832737,0.458501248096459,0.359133020902523,0.244100552627105,0.248571902370428,0.244457049163449,0.44063890580142,0.523407347408781,0.0632994675853421,0.416045917555324,-0.256260220726002,0.506009763346332,0.355310222747225,0.65526115895928,0.664684041953458,0.447458994889879,0.365114893784797,0.138000764157347,0.485473650108928,0.573811299703925,0.211386440208913
"AURKA",-0.316730712979196,-0.537666131252775,-0.363724727037452,-0.54920749601099,-0.41123326303535,-0.536860346167331,-0.434400152736117,-0.160963321935774,-0.303818366789937,-0.159928124303008,-0.346436803569709,-0.447378628957085,-0.182088895439014,-0.520776958162169,0.150268124010271,-0.534170848831182,-0.376411138557967,-0.616643047902516,-0.730182072090077,-0.565275950358642,-0.401814409033766,-0.215141836992577,-0.430629681255861,-0.472154140353751,-0.385111160399642
"PARP1",-0.367731808522453,-0.578838349722037,-0.317127671453804,-0.448434079828789,-0.315634566866325,-0.455022683859527,-0.362214700181394,-0.304554045619822,-0.329201594960812,-0.262433343771442,-0.491877533127201,-0.48220680628977,-0.177082575848636,-0.471709679912292,0.195617447279083,-0.449446612326126,-0.470370488138399,-0.526605542004749,-0.612759828028813,-0.446540659108599,-0.377610089306342,-0.223038819170873,-0.568563147349831,-0.498756158862402,-0.249765418048268
"FEN1",-0.418915908302499,-0.600908178182638,-0.359042694529503,-0.50796681380259,-0.34864971092166,-0.497133508398026,-0.374803607246838,-0.274290161634708,-0.383000866664913,-0.264614686654837,-0.489070468056761,-0.565009139525556,-0.182701184402849,-0.53867961819624,0.164580565038686,-0.490331638610918,-0.4140068027922,-0.604701368565465,-0.704306197649291,-0.502945950876015,-0.365467304315711,-0.232980965145639,-0.577050140599416,-0.552224987561154,-0.294695984709293
"MT1G",0.353382201569479,0.575053519244839,0.352797197369177,0.467713744663908,0.330090993458758,0.455222764505202,0.359874476199732,0.252755839755512,0.328749626875058,0.298160471048212,0.483919291882688,0.466780177024099,0.128162572915935,0.454430644947318,-0.156386202495691,0.533998217103794,0.451941138048673,0.651422519724979,0.65649004704545,0.470677483244879,0.420874671558168,0.146308829112666,0.492991565843821,0.569323421922104,0.241843666585258
"GLS2",0.320483624509315,0.548686295244115,0.258650551750153,0.40934372940222,0.236979066218369,0.421280989625419,0.292970748503629,0.186380284010907,0.158510438124838,0.203393400544922,0.380295829532053,0.476280641631019,0.00578888366158474,0.37945267099576,-0.340218307427877,0.46235370593041,0.29053665972516,0.670645588644565,0.620669340139827,0.396759464470463,0.293129115887242,0.139182616027321,0.473497834308202,0.620147515772506,0.19757781331168
"ASS1",0.348928405219715,0.57882137412887,0.315125884347168,0.454506111747211,0.296250243203974,0.448846883100997,0.339132309586081,0.238648321694655,0.225851627288204,0.268890086266006,0.425787025292083,0.524165356415262,0.0660223288890308,0.422712425237545,-0.245602015067506,0.494559521637634,0.330840815160549,0.675389207800952,0.660355434612312,0.442258976265998,0.356279579165094,0.183458998117395,0.500596660214506,0.595956255150684,0.207781948087506
"SQLE",-0.373741201479091,-0.552288273264663,-0.364511922701606,-0.486152406763746,-0.371486548778276,-0.494243171740241,-0.409093036855298,-0.241040667460778,-0.275402627725886,-0.313782035766201,-0.442156653106055,-0.445629672510354,-0.156337374519772,-0.457967910841167,0.0916459723075995,-0.514372264439909,-0.382748869714126,-0.581340925561359,-0.677856454409576,-0.509616592858211,-0.346338473333503,-0.216687481309718,-0.479577314778312,-0.495442328217053,-0.315599535555013
"KIF20A",-0.377037154881009,-0.547672759777433,-0.305830540737252,-0.503665513587467,-0.343855982015012,-0.486398238195521,-0.377410586021297,-0.198716386826548,-0.300809702788644,-0.237878239455391,-0.453477655666345,-0.523628534560696,-0.110541266603945,-0.456955611542722,0.190338761786191,-0.512876617788934,-0.35673086285281,-0.629369733030372,-0.70017128025347,-0.489013519698645,-0.337688041104464,-0.203740547180324,-0.50802214717749,-0.497753247586735,-0.27186132866951
"ACSL4",-0.297405443016041,-0.507748234022414,-0.244275645453586,-0.356201694191607,-0.207105643360625,-0.374883870819987,-0.271294037807339,-0.259546702592905,-0.27665061751873,-0.22286191859316,-0.434566187926284,-0.523403445355223,-0.0516429447484408,-0.369283218354491,0.215285905371273,-0.504647567006072,-0.35969186268671,-0.605604337755395,-0.622793553037985,-0.367950691947668,-0.336345081622141,-0.131414540529662,-0.525249490842484,-0.505192020463648,-0.120373982843085
"STEAP3",0.352669695449246,0.52219172234054,0.339323706476096,0.477339969331784,0.351952783041264,0.497902822497521,0.389709822725939,0.221477673741862,0.300048308833392,0.254201580255917,0.408584499136725,0.487581036039125,0.115141573401897,0.442925203213752,-0.246047511231092,0.447742523549258,0.341721433688833,0.605691534222453,0.687482222504425,0.429019844978308,0.346922230687194,0.164799826891814,0.499646909761705,0.537677910216227,0.260586811363075
"EZH2",-0.359911303762546,-0.576819565300489,-0.315110985540813,-0.481256808215932,-0.316686461715411,-0.458799898684602,-0.346271812163052,-0.226762660220981,-0.307584355873451,-0.229409298494454,-0.454064303772157,-0.555164727061171,-0.0976461826042033,-0.496382845204678,0.206208580240971,-0.547291468827383,-0.404625610103454,-0.650438929438608,-0.722256886869615,-0.515764470857132,-0.384856190307935,-0.219682939589383,-0.531343792010773,-0.549701249598752,-0.271064473339996
"GMFB",-0.428011891927629,-0.601473332802244,-0.295194777013242,-0.443586007627424,-0.299538625485108,-0.38363395472806,-0.289354840258155,-0.354214493887667,-0.331354658428877,-0.394217343992134,-0.616439861106329,-0.542340185592351,-0.0823388841102157,-0.507289897216326,0.215708710336494,-0.3766155734195,-0.412492115351724,-0.506059926516863,-0.561698179105668,-0.391045044713209,-0.330920140559188,-0.252366874602075,-0.586506538829141,-0.511818662399073,-0.182631904051915
"MELK",-0.333756481052552,-0.534718901486725,-0.337487813849308,-0.498803888510053,-0.356107769777964,-0.475598376592504,-0.381297241321489,-0.173549918145635,-0.288629649173656,-0.231608994540753,-0.465743987398541,-0.498863516241512,-0.0933091224081684,-0.521684955601936,0.202279720896908,-0.5213075763927,-0.357269302479751,-0.624680549765113,-0.699020133894396,-0.514565858763638,-0.335763686892918,-0.256373939027466,-0.467850257277953,-0.491348907046356,-0.296962658678068
"HSPB1",-0.343577594499405,-0.587203951041783,-0.327171569983624,-0.404292525180851,-0.277057181513972,-0.418250249621232,-0.332033841220523,-0.314708727153364,-0.298499021737638,-0.292770565223048,-0.384127305115909,-0.472329672608032,-0.13447602443104,-0.488420926775271,0.288028318569194,-0.41959493529044,-0.373908285273103,-0.577538457170497,-0.544485230622639,-0.424357755880187,-0.390127888682359,-0.214718587070645,-0.517951599316864,-0.526743607610924,-0.207327734006047
"ANXA10",0.287105081101771,0.52637711392695,0.313993108761539,0.41584782874987,0.275220005933236,0.454162060622053,0.350307805947446,0.173796881470008,0.265615509096934,0.213830371637401,0.380321818240733,0.507223734903798,0.0261610977880878,0.377664678935314,-0.266604252195779,0.547216217479648,0.330586744636198,0.701742483616167,0.661484653271955,0.468232343402758,0.34749362402049,0.107804173947329,0.486882421288043,0.581113455322571,0.249838085569577
"HSPA4",-0.466867355236541,-0.627528981100987,-0.327374738697625,-0.467032903246804,-0.339104901000504,-0.427642750385014,-0.336404940690531,-0.395312908637549,-0.333369068456169,-0.373910203591833,-0.59779201311223,-0.468095826704387,-0.20734187855093,-0.482487070755945,0.143315937743555,-0.355691862624184,-0.516068665211729,-0.432149342571584,-0.529788212054313,-0.419586453743131,-0.346638860228358,-0.33185092231804,-0.556415657226092,-0.438977654142722,-0.240981860311269
"AKR1C3",-0.402656739540639,-0.597063021788032,-0.350470638148245,-0.513007833924116,-0.387519227353052,-0.479592528389083,-0.39382354133741,-0.290875442162843,-0.357313939353677,-0.285120732731951,-0.488573538440151,-0.428461679535804,-0.242509735806435,-0.508096920790415,0.119276673733593,-0.435161136387829,-0.428696594756142,-0.465126878711454,-0.595807815591209,-0.474797020487767,-0.367638939264984,-0.287005749734636,-0.479212072508199,-0.350741252463881,-0.321453034657313
"RRM1",-0.460214409997682,-0.594850405831268,-0.382972890972337,-0.483220070414412,-0.369027633449053,-0.466721602721121,-0.385463994897476,-0.333896357349023,-0.404265057980105,-0.377286117516592,-0.605703166281331,-0.464982426520679,-0.212911659553248,-0.541941202428357,0.104370376109979,-0.420628125026957,-0.445842778060005,-0.529129567942093,-0.587600925472668,-0.467682399247383,-0.371941345017685,-0.267186213553273,-0.564145969658608,-0.53615954793605,-0.279160302947444
"STMN1",-0.368656400771745,-0.527298493843823,-0.319407711133075,-0.464928182067065,-0.325023632695492,-0.426893663455207,-0.332802946219169,-0.209511132724004,-0.311713991698139,-0.265198320701718,-0.498422592436804,-0.588810686860248,-0.0522870042817656,-0.494619486036798,0.183443038207507,-0.49607585281981,-0.36543915106094,-0.617920236153395,-0.663492501745071,-0.468959280800182,-0.324766428081033,-0.187610280050785,-0.516016887059415,-0.501533507520194,-0.249462687731034
"MAPK9",-0.433152852226471,-0.619849409985823,-0.300475911540233,-0.465184202895136,-0.328287666695208,-0.422852612053781,-0.336965026511195,-0.359985755875659,-0.259961915355187,-0.400956475024678,-0.643803147547963,-0.448598606506481,-0.115175245852296,-0.448176445747933,0.204643664502535,-0.383038310980508,-0.463665204079728,-0.500806763804305,-0.551856551347741,-0.449017048850381,-0.387555738123621,-0.297389207577203,-0.567517599780954,-0.482798663776718,-0.249791921544688
"MAPK1",-0.353814692231563,-0.558075803230252,-0.298028918697639,-0.423158537635897,-0.302313294580538,-0.412621723959724,-0.316582027540488,-0.352615286609767,-0.374384147569147,-0.335599981425594,-0.488384831117991,-0.416071774060091,-0.107537704865607,-0.478637930663527,0.26514971544785,-0.2995325758057,-0.333075606873167,-0.429095656718172,-0.527345057113899,-0.360077649500288,-0.272759837619745,-0.184868451289369,-0.564622892425397,-0.463132041884918,-0.201021722549481
"ZFP36",0.254326634126283,0.493035514597954,0.359240438456094,0.517392170700197,0.401445267661325,0.473171529173299,0.3888113701267,0.147757942750738,0.32964363783881,0.189687779237983,0.393246443771307,0.353118108587084,0.252587422834083,0.37737311996879,-0.102448888922943,0.574894149618406,0.487628773708928,0.610847018444726,0.692148710811668,0.45892033284125,0.368834400206925,0.207258044171995,0.403918795154201,0.4564620099641,0.311645329716114
"ALDH2",0.288462314932872,0.508110859989386,0.261655490556407,0.407049443333949,0.238344388701521,0.398647135519451,0.278576191363756,0.152424841624294,0.277877797984599,0.181098141244592,0.394886258795685,0.571613451360812,-0.0465750705780347,0.396350936236549,-0.299804207987836,0.507482996254616,0.294548813786903,0.703414061372518,0.697162361790549,0.422477131278229,0.288210436388777,0.0902059252337366,0.481130889703056,0.595835167610211,0.168797808993205
"MAT1A",0.353780587745567,0.600794238921776,0.309714356059476,0.441664648126373,0.282043968644831,0.44282084390531,0.331469762442025,0.253987639750039,0.388180728362852,0.283271294948185,0.46327183511533,0.548673713332359,0.0535157583178303,0.455969572863883,-0.253840132987793,0.482653672839955,0.355259915178736,0.674463811465706,0.680651029862895,0.453870041387019,0.358766158216714,0.123830175700703,0.496702846645555,0.610840139659162,0.196470585071232
"AR",0.227188877824135,0.435227848307271,0.230057794888274,0.364334363512236,0.219199001223143,0.360384810261772,0.253948681229851,0.134139962315041,0.335906614405545,0.149424586513295,0.356271132327672,0.554111136632981,-0.0461763205933011,0.366645034939974,-0.27421033330279,0.45105358927938,0.225237654446029,0.620622305078393,0.605963900760028,0.393542610337702,0.270929287077808,0.0165573165508841,0.462792701931416,0.503077089317645,0.13812443865301
"FOXM1",-0.298211096673736,-0.485944324186141,-0.361276144766976,-0.474504687529568,-0.357193393521381,-0.469987024691472,-0.383411920666214,-0.172333738427249,-0.295725917497165,-0.15774276093932,-0.394526701760155,-0.527804405182106,-0.0541005392689732,-0.492272377854982,0.185897444190783,-0.518591650749705,-0.307392678318501,-0.61621650936724,-0.712303740809881,-0.500515788410713,-0.331388369354271,-0.207866599931422,-0.461885716370224,-0.50487058460657,-0.292272893781407
"GCH1",0.279833275719127,0.560490880104461,0.331966490232308,0.428376763530734,0.2896896153512,0.467002165963546,0.361862859266542,0.209090849668174,0.251579918060207,0.236470422860172,0.349699654777722,0.446457338843241,0.0806471254241226,0.417208155033542,-0.269941077892448,0.541308135323078,0.344558567251218,0.705097154145157,0.641352177062902,0.451590775560194,0.323314423218124,0.127330886618268,0.448855700566758,0.612773282177201,0.240613191432429
"SLC27A5",0.34784866274636,0.532766448640501,0.257416952411608,0.388665842251039,0.223975570374372,0.391020704390162,0.274955419895356,0.228471239169967,0.312942320278233,0.215542465286975,0.439003051965965,0.579030076320143,-0.0337139958128417,0.40567480699448,-0.329034211766306,0.458204837545972,0.29150978783002,0.652573169381313,0.664656443057697,0.397541064950178,0.273033401925766,0.141873730659852,0.532160896110761,0.58012865054082,0.151868774369374
"HMGB2",-0.382406399665996,-0.494807162120858,-0.171814748052774,-0.31493309965367,-0.157395665920689,-0.284383009865957,-0.179318046809565,-0.309408054962159,-0.346215694106026,-0.213086352774261,-0.485958808027912,-0.645526605103071,-0.00596942009713572,-0.413757022395888,0.268530117522134,-0.313642926901993,-0.341198282943865,-0.475669714251303,-0.591328647731,-0.31117058716214,-0.235678669583035,-0.149949580472783,-0.602352492593245,-0.49039948813797,-0.0877883232468315
"CXCL2",0.285297404118965,0.51318467457187,0.321864925135159,0.484210603004976,0.352065289805662,0.447072402776672,0.347150575167311,0.153575693102111,0.342003964454387,0.251669303001281,0.441053206389188,0.415080181061053,0.126785973812295,0.436915653597295,-0.165293156938257,0.53971444508032,0.411693132841267,0.650794885573215,0.655583966624642,0.422300586017219,0.36081834089462,0.118875929871729,0.447195103509195,0.540214851196552,0.258768034894565
"GABARAPL1",0.185640175267985,0.383348207834036,0.232821159102655,0.351537119750084,0.218704024293438,0.384381495428821,0.294217564909298,0.110444944259666,0.20281369021934,0.181944418107568,0.308200952285654,0.440611475914377,0.0166328942091132,0.316420233282883,-0.18635994519284,0.524266598541949,0.26625753641944,0.628231275934933,0.64549015017876,0.414102664227603,0.335725237508915,0.126513381549755,0.403400565529655,0.47786703536135,0.17298968667146
"NPC1",-0.330828061608024,-0.485139272340783,-0.321951508307201,-0.452195878099076,-0.341415374022917,-0.430411389027682,-0.353205121549131,-0.221202467597085,-0.286457379739127,-0.238582115568353,-0.41497823908355,-0.461820177926965,-0.0729375294099953,-0.472835189359014,0.174778438244031,-0.408877282977657,-0.302956703458547,-0.509566657789125,-0.588688635591235,-0.44555910618192,-0.313352923765844,-0.238291313534205,-0.467386049318783,-0.491444270304392,-0.247699153414898
"TXNRD1",-0.431047789372848,-0.613581334943407,-0.295635520935481,-0.442191803673762,-0.307025618624559,-0.376678237403496,-0.285768926754125,-0.365623191184621,-0.324068091422136,-0.373148273828584,-0.575090547528709,-0.566397389974333,-0.142898749809635,-0.513119288071426,0.193072487710663,-0.3536486321972,-0.415419332688054,-0.468858073530329,-0.515265386039036,-0.412765835467159,-0.326154144381763,-0.263512840219339,-0.545827481972765,-0.42838770140052,-0.236217189716573
"HMGCL",0.33696694743002,0.524293197364407,0.260418937349424,0.369173463293776,0.210414691743537,0.387633922501538,0.277652271682501,0.210020440875008,0.257654237402683,0.235360127609099,0.465868301227891,0.575460203988062,-0.0156755828728431,0.334572466154,-0.285042485050189,0.47990210230211,0.356346043392245,0.638737410766923,0.645643127902151,0.393981204430797,0.325007621664608,0.145695185224275,0.481818579208021,0.583052896461733,0.15976635281609
"ACTL6A",-0.432087012585732,-0.586802409887173,-0.317012816009244,-0.432987142665395,-0.310352602600148,-0.382090786166835,-0.312993212319065,-0.38563465024226,-0.363598924186594,-0.351461631117166,-0.632793826709432,-0.524371470541492,-0.0982215094863216,-0.478737747411733,0.20422464509438,-0.428964221774932,-0.446653079587961,-0.538236948270303,-0.621100480665142,-0.447712064062732,-0.409056083320071,-0.289646366683576,-0.612168761696756,-0.534087473326558,-0.195379598357413
"NRAS",-0.44366969148856,-0.570695437884633,-0.298065332312969,-0.448691862959232,-0.316334108589556,-0.385427368975814,-0.295498508197761,-0.352907546728595,-0.379273714358727,-0.371975442877644,-0.586633705921875,-0.488425947912866,-0.136446973615208,-0.522261588758053,0.151025345276999,-0.307405262241179,-0.380647255122851,-0.407809611397416,-0.532833404514289,-0.379556913301249,-0.296499472518067,-0.253293373543788,-0.552377613123808,-0.388246068926278,-0.23189361305921
"HDAC6",0.391597819791457,0.465897209459535,0.25425779778921,0.340295816035315,0.215760259395622,0.317041668166187,0.229991788184078,0.246564906260609,0.24690866021802,0.275744998752724,0.528968484375184,0.570235659653163,0.00208514292768351,0.362646232108219,-0.143245865204194,0.384519340526169,0.337816964097926,0.544179364809718,0.574075868964063,0.349104654677833,0.238146174815892,0.173197048253666,0.478769323830623,0.517898226988562,0.11972766771502
"POLE2",-0.32175917540961,-0.529466189488727,-0.384142365548496,-0.508288707253993,-0.398453715451941,-0.496468588034766,-0.408355348627233,-0.233845915536147,-0.363181742402404,-0.261501324409688,-0.463087465383245,-0.410919189808492,-0.200228511946566,-0.50294052452251,0.192925932483944,-0.463070244011303,-0.391316270725577,-0.529206958350577,-0.629656466613321,-0.490686373305304,-0.363772940017114,-0.2304555678196,-0.491723970010638,-0.468669379972738,-0.293547341498721
"HSPA14",-0.560156200582826,-0.62819236989539,-0.313959144076616,-0.470099039199581,-0.33076259292012,-0.444561534024035,-0.350312604665075,-0.397483657209186,-0.330054380640023,-0.380884456029752,-0.602239670288426,-0.464274362946232,-0.244442162722151,-0.436812490495317,0.0861488035156338,-0.405744642692819,-0.517682240982519,-0.48436183124984,-0.573854338406019,-0.445683224504326,-0.389858324383475,-0.310225968483851,-0.56436446503877,-0.491831945638112,-0.278964086126333
"PDGFRA",0.362308495568649,0.512850137426419,0.430012988562222,0.642509429573806,0.55035094179345,0.589925594612472,0.513277304458861,0.137326044456707,0.160309956638511,0.271245228265655,0.3787266656937,0.161765818829438,0.375207737956327,0.558673990994497,0.106319375372444,0.536239630848857,0.415909062899956,0.518037646059612,0.597143155856887,0.529134736716358,0.407942497347613,0.357057459596997,0.275988935479973,0.333878358966732,0.520615284242538
"HJURP",-0.305300543909076,-0.457175169071345,-0.31134494929375,-0.452421131127668,-0.323244769348443,-0.45314918687164,-0.363100104199944,-0.133519167611225,-0.24875961266584,-0.200855514136441,-0.384980292271495,-0.442341546104367,-0.0608891306185692,-0.436669548631296,0.114337266108137,-0.542647872633107,-0.315729127473488,-0.611387980124497,-0.702336075909068,-0.491234940552493,-0.339614053352504,-0.179391343940135,-0.438101407572421,-0.456074284644983,-0.303319243084348
"CENPA",-0.180828959223261,-0.206368873760266,-0.231909865620913,-0.315094878042943,-0.268191555201236,-0.315101471931965,-0.279479168142576,0.00412523245971551,-0.170458229218994,-0.0931627455378864,-0.219631283321423,-0.214576446500392,-0.0991898314523417,-0.327790036804503,0.0441910578513958,-0.254163929358084,-0.12454087687165,-0.301190441461255,-0.405801872115071,-0.27513251362743,-0.158072332292514,-0.0930935321958561,-0.254662257280347,-0.219112215575685,-0.218208374683591
"DUSP1",0.170587820555092,0.3825513029754,0.242877790206954,0.384062346439222,0.262683611716591,0.357635596409262,0.275800501723554,0.10172721171687,0.174466773315982,0.115917984828095,0.330817543473227,0.508811863744697,0.0554415187053024,0.309799183809331,-0.149080577218856,0.540579621481936,0.347056752036936,0.629804421605148,0.639543768875207,0.38658620288522,0.32338291333961,0.133974359105303,0.333538109531342,0.479922341001831,0.181194794718034
"SLC1A4",-0.255115557078319,-0.477636077670871,-0.283507075331588,-0.364900754396593,-0.274669395381849,-0.369809376764374,-0.31848438172802,-0.250791563177788,-0.206531718169224,-0.300275905256248,-0.457759094902507,-0.441344112565077,-0.113644547407857,-0.386172718459917,0.216151409763926,-0.440718257169273,-0.385320553710717,-0.500428753254045,-0.510708927391432,-0.374162103149723,-0.323375456631346,-0.231159312310417,-0.481487242526677,-0.436021758493489,-0.166351388639011
"ENO3",0.316040087793348,0.483960746837042,0.256645498741413,0.363582839887542,0.22768925418383,0.367157405417149,0.273182924031879,0.209428370139389,0.128583971938536,0.207096992889976,0.350205913241141,0.383269132643164,0.100065034728385,0.380417000768618,-0.264680147897802,0.319906214913224,0.261781739727756,0.48923323214931,0.465927547542478,0.324425542473017,0.259647658903728,0.162465010597832,0.369432851804425,0.505779913789809,0.157448239383105
"TFRC",-0.363745391897848,-0.509148098478859,-0.315962900480415,-0.397886880649292,-0.302516006758466,-0.385199633561437,-0.323121252346063,-0.302311438774309,-0.320278641386127,-0.315712556847504,-0.458733082266144,-0.466255713777066,-0.0493454619807213,-0.434248611096179,0.128105695419558,-0.417668211310606,-0.321683071685081,-0.499128484254396,-0.550648987392697,-0.472549872516276,-0.368757721663007,-0.263952369108249,-0.470570660445376,-0.455791334650191,-0.261560777276343
"BGN",0.338905853512266,0.525222542937874,0.380910671892736,0.628714451310299,0.513701055906158,0.56704943276864,0.470007168353358,0.147532649461449,0.233854318181338,0.239829360460915,0.398166105220514,0.249715645344682,0.352021381412144,0.558940049874223,0.0880202296331783,0.52451739411582,0.42445672450592,0.512596061776131,0.655910942699552,0.504702870119356,0.383995983596002,0.352834868348061,0.336270444252977,0.356604338141095,0.462693498467829
"NEDD4L",-0.319913701905947,-0.573600249340111,-0.331706267679824,-0.42982744232305,-0.318696742226649,-0.408442264130126,-0.327594881134903,-0.325070858033306,-0.345936859808281,-0.331715196088551,-0.493957350731346,-0.347716855181142,-0.2621584506955,-0.449932614484146,0.0616281670985927,-0.416947440867258,-0.524518145264867,-0.417070930786149,-0.504468921812865,-0.431455082945102,-0.398669904457173,-0.266677926233026,-0.424299588684042,-0.387013631554604,-0.284137803873407
"HSPA13",-0.472471292783027,-0.567250393874928,-0.287891386314539,-0.437628908517159,-0.308769200789337,-0.379605934523762,-0.294120168335167,-0.344535768179014,-0.344271447406665,-0.370263662915513,-0.639811955949641,-0.537594894558651,-0.121372620205455,-0.461729517933955,0.164520982424452,-0.335570368808403,-0.41264701074103,-0.444209906065462,-0.530124383071279,-0.38903046942413,-0.282493845139223,-0.229657885340645,-0.591038584434313,-0.446331497917428,-0.171321399193697
"MPC1",0.210147886675573,0.47425319265635,0.267254563841115,0.383231668041993,0.263708478730966,0.418517049697568,0.328169191067147,0.168325026921433,0.203990835820236,0.20740469167779,0.274344119094508,0.349055888522158,0.092309697253865,0.36426905835593,-0.194166586322279,0.420646830997737,0.32300173128848,0.578825402088129,0.599953005258535,0.432065684482942,0.328578616780603,0.171844892092071,0.375765337031701,0.554683658848231,0.277023443637323
"RBM3",-0.446254857007693,-0.529100323934412,-0.294084399846025,-0.311277579876737,-0.2059895212469,-0.310731772050965,-0.246904510609663,-0.378678576075635,-0.262949133554917,-0.380839376566208,-0.600474631185146,-0.500852196011661,-0.0569654769283067,-0.395634715572309,0.220720473669889,-0.294864277206169,-0.42004777429751,-0.444454771198845,-0.45511741659124,-0.32366715275032,-0.326302934005251,-0.180479543752729,-0.540403349546354,-0.498303217967285,-0.149265800279425
"E2F3",-0.25329990141806,-0.44002644557876,-0.252529999120311,-0.315693350640581,-0.184853918106663,-0.327410961778352,-0.228684138379433,-0.163323002825981,-0.2284060609692,-0.169289973861585,-0.344639690115667,-0.608711827644737,0.0783239716185491,-0.346284500208657,0.279429559840427,-0.465831849543342,-0.269685668652796,-0.601076254673016,-0.610411594142121,-0.390003491918675,-0.253205369570235,-0.137937291581128,-0.496707085269079,-0.526088484960723,-0.148899938441226
"ACSL1",0.262934874439362,0.513242412720001,0.272431050603887,0.411262849701204,0.259161760293647,0.443271128604743,0.327901052729654,0.19974058951865,0.22368658690528,0.192804436681188,0.327938796077115,0.47964449070836,0.0365332163028503,0.33793812625486,-0.345080461034058,0.500802661006665,0.300110817449164,0.70523026541782,0.649740293386598,0.432481078891981,0.354662842543513,0.041221040308283,0.425992546758432,0.669960969295494,0.221099972781652
"IRF8",0.350145895045116,0.523715957171722,0.572640343449792,0.651928948250425,0.594822450216192,0.648994003817708,0.587470804062348,0.0723874556185957,0.280601932952962,0.241780796314662,0.253960276261238,0.289364607192382,0.384291055345344,0.531016594480369,-0.0258322532218925,0.610130082115592,0.335187452912617,0.631679592994201,0.684019889079133,0.575421176099794,0.442104157256384,0.175028733362683,0.299301224011293,0.41181355941114,0.495452843551105
"PNO1",-0.427735914505087,-0.419058258362799,-0.283051183630221,-0.352928792375763,-0.306412835393829,-0.304074200655657,-0.27645628424578,-0.253324175879361,-0.237597129986855,-0.375756524098305,-0.578001785893135,-0.238385635714951,-0.179749155192074,-0.348066908694167,-0.0620692806026881,-0.230621345201739,-0.403647127192411,-0.255616901404627,-0.346708619635633,-0.278761420014055,-0.156288308302633,-0.284741709715647,-0.422758861934344,-0.268322018273749,-0.250035559211793
"PCK2",0.317631511002302,0.499086745259484,0.212352074629507,0.305783689043399,0.156260912256797,0.356777124430707,0.242803994890819,0.245244114593122,0.230113922741915,0.224984420462529,0.440858360922538,0.548106459775469,-0.0805974592285548,0.324831997384363,-0.361593273613239,0.385748293991081,0.270284289153294,0.60145674092685,0.5604714670426,0.340350356375658,0.201449966461336,0.0673019803994681,0.508592778035724,0.589256335903219,0.106506775268872
"ACADSB",0.201895162266369,0.482125674518962,0.203306508044029,0.328538813205188,0.170301232518191,0.36595588511913,0.243275826351913,0.186475843970325,0.287721375423947,0.149139904430899,0.250378972117571,0.51038399799166,0.000186051838365832,0.351100562833541,-0.305344751597093,0.394888705435901,0.217610661900845,0.597976940394268,0.554353528131696,0.384421418804474,0.262340008120248,0.0788720213237037,0.416246347603097,0.504583412032397,0.163064263015571
"SATB1",0.281966098918374,0.447653937809029,0.281899279609643,0.476217392234153,0.36445049539878,0.438745026346248,0.342782556741338,0.150093596252824,0.2590005592795,0.160397188347225,0.376851356917772,0.229681117706673,0.199032332654504,0.419994739477168,-0.156843600200987,0.352291980462766,0.302605027100335,0.402585267362902,0.497036802989007,0.335312088011414,0.296022756829406,0.122909937534287,0.312784625085181,0.295588523569082,0.289862817286731
"SOCS2",0.312740503434707,0.469912549191378,0.301695097015886,0.456152556034439,0.3241937913093,0.429631162376748,0.342727125006253,0.15352339856748,0.240631599904309,0.228697614250759,0.362693140191757,0.408586990591956,0.140466585786643,0.382869236349902,-0.043366036235333,0.526180712709904,0.362863710867928,0.609492767011457,0.657898172623777,0.442468153916313,0.328582095121275,0.163360755738466,0.40540686746809,0.448539376212873,0.282550593986777
"HPX",0.326307673677719,0.493823279867425,0.295434703833291,0.435772398300139,0.280646182179426,0.425595974606622,0.316743393923786,0.14245198181151,0.233593379449291,0.176078209350197,0.36652787614224,0.560251189652142,0.0141034831231083,0.38656141354052,-0.264370087666801,0.596942341994241,0.336225791711618,0.765736648714379,0.729960303349626,0.451426343961352,0.338295842866929,0.119572510264748,0.533951255193993,0.592734742534719,0.249249272967922
"EMC2",-0.410599793004144,-0.530482695331393,-0.26996805557776,-0.365912615728559,-0.275072589208996,-0.316199162341094,-0.258417401384554,-0.371494787564534,-0.269454775371089,-0.391382768191972,-0.59726710343899,-0.428313402048118,-0.14268090543042,-0.386114446127097,0.21366267490762,-0.233308924733633,-0.378332806895443,-0.34640258799103,-0.399367988389334,-0.30199684920366,-0.290591979603992,-0.252759866334182,-0.45355994069356,-0.384231621935059,-0.122199493516785
"PHGDH",0.262546353834377,0.447001627146276,0.185240730313802,0.340336522816121,0.18939551961604,0.355428538668499,0.235636809232636,0.132982236847361,0.15279204848045,0.113931562794438,0.245034132783686,0.377223381619518,0.0708103737376705,0.351404359228157,-0.239911004175856,0.305543386622822,0.260793610951117,0.474612879166605,0.432759648592294,0.283157464059147,0.279992049979528,0.0893076454811684,0.309586434796095,0.421730811347694,0.17598018460379
"SCP2",0.164533180597169,0.418462402347943,0.162434697563183,0.274047731888222,0.133973946667687,0.338685135903104,0.228089848241006,0.139578347974079,0.229561918589728,0.121656528551754,0.267858494900668,0.493519398500177,-0.0712383929081439,0.260588970790731,-0.363195103508421,0.450903214499571,0.206545324038321,0.651872039596081,0.555850719403198,0.343932377211862,0.22720408318829,-0.00162683891336371,0.42336633608089,0.575202528453773,0.0948524710904241
"ACACA",-0.293081053013976,-0.520646642348124,-0.341244280774809,-0.497680479117474,-0.39372126811815,-0.482285407770903,-0.408282370205465,-0.230206072792697,-0.233716831973822,-0.284814095332171,-0.436268180574556,-0.367034819341617,-0.192708651257228,-0.441783164794303,0.0331373688167827,-0.541503188960381,-0.447553379127766,-0.557503905388739,-0.633318319805958,-0.548522131699607,-0.392081184983382,-0.268835576856218,-0.435573442572875,-0.415718701207321,-0.366013204067499
"HSPH1",-0.373849312629454,-0.496064841506492,-0.256068414523851,-0.352532893808523,-0.248227034378751,-0.295795657983101,-0.236066455460738,-0.305345175201691,-0.26925740363234,-0.32406528023958,-0.487040000904288,-0.419101444988748,-0.113031399657473,-0.394967725862196,0.134903878931271,-0.285963489589677,-0.356573012154798,-0.385667443738157,-0.462970224478347,-0.328879347118546,-0.251077934977164,-0.257722725050145,-0.479158917340591,-0.369938109253837,-0.163164064091869
"HELLS",-0.259391375095157,-0.408617428740276,-0.281170169309101,-0.337839265398297,-0.227149318217066,-0.326114332571451,-0.253082829552042,-0.136295485840006,-0.268893255260868,-0.129737412160037,-0.406254787479146,-0.507034372502299,-0.0221719910064878,-0.375713326199955,0.14284780499224,-0.486765691965997,-0.330640168034859,-0.572642800163197,-0.591116077192334,-0.399173581686645,-0.245453612950338,-0.105483714726584,-0.433681245733334,-0.490553100262986,-0.187333734080326
"ZC3H13",0.290998498546302,0.488768426706862,0.258456048118427,0.400762420872708,0.275114041459372,0.431513006892892,0.332977083014992,0.207159979220744,0.354390334642858,0.213562053887843,0.319189560372719,0.383313282960762,0.0997990368202244,0.370222304291603,-0.210653625175213,0.424662969666345,0.275109596973877,0.533369374847145,0.585232818653341,0.384423451023541,0.258233638124777,0.121131807742628,0.396388039910089,0.463432154478672,0.201570992017268
"PARP12",-0.189731233768805,-0.435320349757318,-0.0992103839928427,-0.222704928240585,-0.0655734618609229,-0.209169535548216,-0.0986664284476771,-0.228936095373301,-0.176288056824003,-0.138805075545771,-0.320430693966896,-0.49813255176733,0.0633971897007137,-0.320366059103344,0.233859696342862,-0.40328664628641,-0.30913010209611,-0.531801822464688,-0.449141987204653,-0.300789346815733,-0.278779311184941,-0.167027342921045,-0.418334022105876,-0.47547267396331,-0.0355407086271879
"CBS",0.251435664115737,0.441546304553795,0.197687317822764,0.30322095195893,0.138732828958264,0.331435842116806,0.2087884455941,0.146251100737001,0.202500382572696,0.0868821852047854,0.28659207340506,0.500190239501633,-0.0265646736732887,0.309621327766089,-0.320021646712921,0.383558540677941,0.231945408228594,0.584031513285907,0.57511676848417,0.303908295369074,0.220908846811651,0.0299690323131693,0.456156612697256,0.560756475926809,0.116661184972686
"CDKN2A",-0.0943674958998064,-0.223274182336876,-0.193049257555908,-0.329323487553445,-0.21489320993876,-0.334877115395108,-0.252948462141149,0.0949223199826325,-0.0993125576114232,0.052330949709153,-0.0657876984554732,-0.251645845128967,-0.0476351975649504,-0.255510048950904,0.117484098945717,-0.438592699176475,-0.115974005432521,-0.475466531479258,-0.489096352398249,-0.336345307866201,-0.161390088760226,-0.0750790541634768,-0.138106138260533,-0.232760175573095,-0.227279155446608
"IGF2BP3",-0.19448631321777,-0.340854346957363,-0.264733635439936,-0.407053064682978,-0.294821147906832,-0.417586173674216,-0.331203774282621,-0.0660969356403113,-0.189053553110936,-0.044760247127745,-0.206114328520633,-0.404525499644105,-0.0948138713601968,-0.378853348515277,0.161115005586181,-0.435439565116167,-0.196727058817868,-0.501478338111675,-0.604514760847883,-0.403305084543963,-0.229873630726639,-0.197599886619075,-0.362602206872512,-0.323201023833567,-0.258078267812038
"ASL",0.251555550501911,0.373098598142437,0.167240545167178,0.299495113474873,0.158034895308265,0.287443879748708,0.184435974536593,0.11257976233826,0.130966178205098,0.134856591883971,0.301447255403163,0.502943911027318,-0.0383319254331509,0.283306188129425,-0.280339746784922,0.382775460385679,0.20393942557995,0.563620928587297,0.597837242375973,0.273670663779987,0.212352765768393,0.0754125542482679,0.446407403185934,0.488713766738878,0.10337990326193
"CYP2E1",0.267331897960012,0.462209735399992,0.305254606339272,0.393242832412157,0.282504034754013,0.411316493535296,0.321925258542971,0.153918948321214,0.288194365717135,0.218024064960101,0.276498696156874,0.486805517988744,0.0652953422381707,0.370333639141566,-0.16293452114151,0.426341614172462,0.257402853043935,0.567837317559049,0.552011867008075,0.457909566330615,0.332429617433227,0.108797200202224,0.286773382910862,0.468726181801396,0.25036120929468
"NR4A1",0.389462409827003,0.5232292994145,0.29097009698565,0.417306769512167,0.300049571854226,0.383167692170347,0.304494358459331,0.318373360546963,0.316383236206736,0.281212328903267,0.49470131854079,0.433978992094716,0.275577454330971,0.434618401330695,-0.0954362409389991,0.358255583648213,0.515689826127464,0.402712952784406,0.546201677824005,0.380068882411794,0.322766833246399,0.275001119204811,0.538424608286652,0.368009493444381,0.215419716052637
"SQSTM1",-0.285759768825957,-0.413652170843141,-0.271143562238108,-0.36116029841409,-0.273320729016787,-0.281774472733097,-0.221757889104859,-0.155334830736042,-0.198298461291571,-0.199952555864143,-0.350503204482027,-0.357541787799027,-0.0783583950552538,-0.440895304067853,0.0646641182732527,-0.307917292938733,-0.247016864193101,-0.371914187264172,-0.364254570117447,-0.316002479509807,-0.225268358064499,-0.216194795950253,-0.338147894505855,-0.30447479185778,-0.181339544635898
"ALB",0.305441438295876,0.552975637257206,0.174991483831468,0.371104768896489,0.23777070882925,0.335814602165699,0.243535927070719,0.32356305049784,0.294402341155466,0.307677343913045,0.479221660170756,0.37649107487103,0.0677856190737092,0.389735955449433,-0.276044649439233,0.226635603345053,0.320818065622063,0.404508840115669,0.397238697844082,0.335355890114342,0.299042941172829,0.158744742633394,0.464361775232279,0.440102733262294,0.172303325427364
"DHODH",0.303965950307658,0.46486366761161,0.305793796246343,0.422334898812198,0.320592941911831,0.421838587561859,0.341001434351763,0.193791566338251,0.366321774525525,0.220261887137777,0.358524163204545,0.385355915391339,0.105420806006169,0.358217768113621,-0.140981241654266,0.48515484168583,0.346673061538352,0.609893556589125,0.67766810081485,0.415957650059858,0.340054780604382,0.0957663710140311,0.477030205288234,0.523206034545719,0.247699111877844
"SLC38A2",0.202079102343191,0.416370949871454,0.335675906422043,0.400634870508843,0.326919090472498,0.440157624801914,0.391866424044769,0.124030308921005,0.294277402721716,0.217547418174408,0.300783446385165,0.267592847546307,0.15803034219665,0.285917038710832,-0.0278172454591023,0.512242373683665,0.311380457084185,0.549968570357053,0.610829217156581,0.441462472190126,0.379967519744058,0.139041795732618,0.321118289682152,0.382008308359901,0.282749538862368
"IGF2BP2",-0.183673420753117,-0.377839338122434,-0.178031169224685,-0.192239728193454,-0.0878918465375711,-0.280341071660029,-0.209239106196814,-0.208626349574655,-0.204469658842694,-0.164940046768143,-0.340779957956786,-0.495116859025914,0.0583617912084474,-0.205073311791252,0.171132065354788,-0.465840203917042,-0.291432661992932,-0.547730766287332,-0.524871687152257,-0.346054989501871,-0.25713039305027,-0.0956403848321793,-0.418175173978148,-0.498812859781926,-0.0834742566735925
"TSC22D3",0.251358893349372,0.380954420365146,0.267171334139482,0.408523916132589,0.310851991941452,0.377288717853681,0.313626936785528,0.123783964347213,0.204562441858784,0.134231798900956,0.349795768572697,0.363412045951605,0.100906118196655,0.304813760337843,-0.0723041726032762,0.476811310204927,0.302468640899865,0.51429562310784,0.537938718154659,0.375120746418707,0.262737037827494,0.154483587797618,0.342304597684324,0.38095624092149,0.239412862112034
"ACSL3",-0.354450163764754,-0.47057559086005,-0.262729519523969,-0.313544732634255,-0.228872578210888,-0.315123080990076,-0.260066736922647,-0.291826432135755,-0.217351793764785,-0.280887323910412,-0.467994480611367,-0.413798610401648,-0.0476396038557718,-0.318844016206987,0.164025774765422,-0.379555591294476,-0.357457567073816,-0.476357819873193,-0.464759718537076,-0.360518623135231,-0.312994943883494,-0.236021775241026,-0.471232857311772,-0.477123392201067,-0.117834802784801
"MTTP",0.196140060186943,0.469983947444542,0.254668406374617,0.354523267587938,0.215343008036883,0.40549197997147,0.299340565992222,0.170220964111788,0.232102119508683,0.151117259970843,0.24174333747745,0.459497320390952,0.0458123135523482,0.345265924011012,-0.349688430196109,0.403568655788109,0.275494670164135,0.611211929439964,0.549819328702042,0.378288229164987,0.315656896298813,0.0528656386524204,0.410785474134975,0.557579581882204,0.172197316195476
"CAPG",-0.169155491034936,-0.360215538437121,-0.128646032244235,-0.147014756218953,-0.0186273328934442,-0.167245799489941,-0.0815990527521931,-0.208195585850494,-0.308645943360339,-0.116793561262459,-0.337586348626694,-0.533568785980043,0.135439770672439,-0.24130665277303,0.314256902121438,-0.31437297753653,-0.222998795104711,-0.454449381584252,-0.458504384615429,-0.22870351062876,-0.184968990078284,-0.0199545754042415,-0.429927432206989,-0.411687373304565,0.0459997706778236
"PIR",-0.418066163651448,-0.497686675803499,-0.228191988780113,-0.348632069743651,-0.256383052425615,-0.272819093157981,-0.22175609216708,-0.376621656282371,-0.227248854504028,-0.342471064803857,-0.522063533651593,-0.373524368005522,-0.180281523467905,-0.398955535426314,0.0279727369496542,-0.194842637285166,-0.353680543708636,-0.233341601547971,-0.35515677315395,-0.304490729036512,-0.239442320933565,-0.294451090449252,-0.487490570589391,-0.22513817284848,-0.209306205833805
"NDRG1",-0.245842624440124,-0.401729482881293,-0.195041771979826,-0.277223408589207,-0.178328170065072,-0.290260001803806,-0.230260533575124,-0.222681649828204,-0.223217960672747,-0.212503819773245,-0.348667005407227,-0.441478706746109,-0.0152182955495436,-0.286382852194586,0.217690335900571,-0.380721363102344,-0.275479380813707,-0.487804747684297,-0.537310297205583,-0.373013189733917,-0.256654549401244,-0.0941989735927943,-0.413571227491368,-0.427700503351417,-0.129011741456524
"PKM",-0.210034053786934,-0.413653100565076,-0.0609389112939827,-0.148456200664161,-0.0131392120530845,-0.133330711926468,-0.0501561609530284,-0.300429911021903,-0.270948500116925,-0.222536141013086,-0.434216402532152,-0.629020773065058,0.174018323090066,-0.255556492529447,0.307147411048411,-0.247958179507305,-0.246816819320556,-0.468577359469269,-0.399272460514275,-0.258852354874527,-0.210636638902779,-0.0551370401775629,-0.491678424420577,-0.506559696913636,0.0300140183983997
"G6PD",-0.219258289577458,-0.409421678639728,-0.185123460385866,-0.332201769900533,-0.205752414922803,-0.326531311194818,-0.233670326198738,-0.16824021652172,-0.213592297793059,-0.117882449346739,-0.291686103108444,-0.497880197993499,0.0169212275859883,-0.383527145776797,0.292334852309743,-0.344811561923302,-0.226615553490814,-0.520808303698631,-0.540996195687517,-0.34556267005138,-0.233058177220789,-0.110921405092877,-0.473585956922375,-0.485994101421665,-0.156383669496198
"NT5DC2",-0.176122999893128,-0.448451954467128,-0.238159050093408,-0.300058971530566,-0.202726173034404,-0.357324359439435,-0.282006054642275,-0.22101472699353,-0.289896294208541,-0.217502191265159,-0.307280798557237,-0.443998096922831,-0.0353287194688035,-0.27297373501386,0.32580032715263,-0.429992286585511,-0.276116052415802,-0.590263853895617,-0.545526623452139,-0.409882384791443,-0.315040122581691,-0.0697204718159525,-0.441949559877289,-0.549468102093314,-0.161303022200825
"HLF",0.160049072735221,0.311539071454168,0.173104978153808,0.2158877776699,0.114041053824779,0.264907791700629,0.192709161565739,0.149030305483567,0.253699929582879,0.105952563900098,0.19818270500325,0.443171226935114,-0.0483968092652624,0.236638701579299,-0.182646150242702,0.278716659078788,0.138683361874897,0.421485246093738,0.415690825091374,0.282796879600767,0.201310901077763,0.0207864572573941,0.294732982920386,0.324889477082545,0.067104112373209
"RAB26",0.240149211851838,0.340780012922517,0.0886091450273762,0.170814316079324,0.0390237360960292,0.202402665309811,0.102237162649691,0.193393908514774,0.112288686864969,0.104635741117854,0.333696676165476,0.414711969867865,-0.073629723616952,0.254261805196235,-0.368108478049477,0.240383082084622,0.173230869216116,0.406670186841631,0.36761905241767,0.147405287737485,0.0841341080761382,0.0715604466536163,0.472286238664549,0.472656907612418,-0.0306451924243287
"AQP3",0.199264807614584,0.393901388178079,0.218718312249446,0.378760573758528,0.256874837417402,0.351487515432284,0.266728795136217,0.0631279379348582,0.109752703514292,0.156926540119389,0.245181939583603,0.333199301057618,0.0608111183591345,0.330011192051355,-0.0979774821110232,0.429988262227565,0.235924735373168,0.521785084248289,0.512746237854287,0.364976932984351,0.3346637488016,0.139053773662928,0.286658245478721,0.359501362127246,0.238069528209846
"GJA1",-0.350645000941893,-0.49203612750049,-0.161425381675398,-0.216114712804424,-0.114155137971566,-0.240745588264569,-0.157428264242446,-0.386948601411665,-0.258947873924798,-0.314500776142559,-0.473095350579233,-0.523414856563446,0.0207700266192114,-0.314297759151176,0.355495095208588,-0.210165389366087,-0.252375813317602,-0.378027288178805,-0.350960560834466,-0.26157563419947,-0.234120169058421,-0.0285335129962344,-0.50546065052142,-0.478164488787453,-0.0359327914668353
"ENO1",-0.317079736289182,-0.405098840657273,-0.187950937336864,-0.302467873643867,-0.224011928561271,-0.266809146338383,-0.21037459316712,-0.258367202549443,-0.37920563173716,-0.229772170091601,-0.390840908034775,-0.286727214387814,-0.130317122760737,-0.431945525917102,0.0643546923084308,-0.103804140248773,-0.219678488827495,-0.198347689847813,-0.290127067792632,-0.22516116286536,-0.0846724129279107,-0.180470073310189,-0.400461115825684,-0.232255154502301,-0.168368220277655
"MMD",-0.278412797865221,-0.376114851724533,-0.158933165762943,-0.221684822298075,-0.102425929967744,-0.184253633509304,-0.0966717587793306,-0.219380883021413,-0.233750165753067,-0.181447398958011,-0.400266804841069,-0.60502357396171,0.122219082207076,-0.305038862733243,0.288341612955351,-0.255853858102431,-0.211135600665668,-0.387301306625637,-0.408717573427898,-0.243843913629535,-0.103492026270336,-0.0866082460430372,-0.521514244328141,-0.41613688978274,-0.000342008569415318
"ANO1",0.0848951535474591,0.231820033052241,0.0898110117869836,0.204396522542982,0.0901476196878176,0.222036885313215,0.131009091381414,0.0341190025817137,0.0620412938634494,0.035593196161771,0.139321447621653,0.458647062700572,-0.110682123257043,0.224171196399206,-0.30976595420539,0.346218514516039,0.127740516518916,0.500311198573157,0.43912006460242,0.188744398273683,0.0938543595097139,-0.0173992689268986,0.37287995261583,0.38108479365325,0.0527695423788957
"TF",0.176638526488856,0.307828793681062,0.156394088012545,0.279404244934938,0.17710353292161,0.27498257020288,0.181626129004709,0.0854785272821746,0.21522702819669,0.0749589749180993,0.196948907804702,0.311817780683988,-0.0115948539822294,0.323129191486375,-0.358813680611871,0.135482495800395,0.0516050194566284,0.328392356345981,0.302069907486459,0.202280630100236,0.131465411586813,0.0213024997865431,0.252204663293324,0.335082322032215,0.125947255268775
"TRIM16",-0.257859605838891,-0.310046403706099,-0.210364173656651,-0.330671310032408,-0.245537356618316,-0.321254655085328,-0.243377105293244,-0.0931896001644839,-0.164836026043358,-0.104473023069692,-0.219746178880074,-0.366925141133185,-0.121943156833632,-0.394836959186119,0.057568733519611,-0.285841416718149,-0.234685828511141,-0.365859934307647,-0.469835115716099,-0.287770554454954,-0.218410772154962,-0.114559568307879,-0.361777400294823,-0.248391408316191,-0.230935791020667
"ASNS",-0.206441014589145,-0.350026367295094,-0.120684904234178,-0.16474582069113,-0.0511360170036434,-0.20170223402275,-0.119471971980852,-0.199780707077582,-0.221900284269897,-0.146963711666015,-0.267815479352956,-0.514684480004934,0.0746123140315185,-0.235347863574219,0.265556602909127,-0.289878512683764,-0.208026103523453,-0.47740506744355,-0.456382406960615,-0.268928504543973,-0.192612498665539,-0.0540210099465562,-0.426296238912884,-0.486002457860872,-0.0450985135659007
"GLS",-0.197933057908553,-0.437714721325028,-0.218363938206146,-0.230951430307504,-0.122550056288771,-0.268117859114402,-0.191614529332445,-0.256025757889132,-0.306376339948003,-0.20881512547562,-0.345814360902955,-0.465037271831539,0.0287905334133344,-0.299322934536369,0.280266836107169,-0.295290112562873,-0.258859761307577,-0.459463839205763,-0.422575072775557,-0.257499256558939,-0.29797512944647,-0.0706294752856557,-0.39844262499069,-0.463582294569736,0.00373560618115393
"PDK4",0.0810258585248523,0.251351821070206,0.140342137373189,0.219944684212531,0.0995330862468404,0.258200511943968,0.170824230467132,-0.00855382904162098,0.0793185289537213,-0.0237089058268583,0.104880414441195,0.440152402623998,-0.102329815234026,0.151072873033609,-0.196216674452048,0.448745322915696,0.10658133221415,0.572114699474729,0.528924591191321,0.312191976096135,0.233436007446043,0.0418491055774117,0.252883754195455,0.386333150504418,0.0956865488397673
"NQO1",-0.138538789075672,-0.22517185456336,-0.107623915915859,-0.197653636172875,-0.0896662276431763,-0.194968423277379,-0.120906178949678,-0.0546497055374644,-0.106607281204544,-0.0495975945105394,-0.176319029232266,-0.367589522996807,0.051255934976853,-0.192638218978,0.198683460791086,-0.263369839887935,-0.110518026011524,-0.388838692523551,-0.331225891127397,-0.219736364052373,-0.186222265541663,0.0211604765990927,-0.179425380410657,-0.30593006976728,-0.0770191209863687
"ANGPTL4",0.135952042803726,0.319310502980815,0.118902817455429,0.193020798927406,0.109134852810641,0.225628682417751,0.154368141253722,0.18210745292145,0.231457736863527,0.101780381487042,0.272254788009385,0.332265057979276,-0.0339310891226174,0.210236357132051,-0.235388049769734,0.300274495373257,0.185861458094041,0.446997907537828,0.458222594424427,0.199002809842312,0.154382712430609,0.084939694352085,0.456485925298913,0.411967924048163,0.0373450441921704
"SLC47A1",0.252684570487436,0.384771372898585,0.128185106674097,0.201164491249003,0.0591390158381792,0.206412136920144,0.112752593620587,0.215730405932342,0.225409789464034,0.118935426742386,0.313631501959201,0.542990409754922,-0.0681360085144003,0.249964662020553,-0.246102797534768,0.217973966141231,0.1829814720097,0.413137327243014,0.388959354896266,0.214873568927864,0.0888179761473857,-0.0160201465851323,0.399645101865605,0.41201675169146,0.0312726947635734
"ENPP2",-0.176168223249103,-0.317589514835105,-0.131422273048016,-0.122561304738674,-0.0465331494171984,-0.12571740572283,-0.0869110593593347,-0.251511548187999,-0.270789866617669,-0.208422757785487,-0.37907669568236,-0.422883308111108,0.0521527789716928,-0.241425416838786,0.161571519289625,-0.273344575194003,-0.293885465266608,-0.374208318098537,-0.350477293639733,-0.186373820852284,-0.196382028678676,-0.100468125314808,-0.35969330209887,-0.387801294518687,0.0529061063003426
"PPARGC1A",0.126811384756676,0.267206626866026,0.119916097222413,0.232791027595032,0.117608456624392,0.216515958415706,0.140792407313715,0.0396121198998698,0.143281295635296,0.0690121274381389,0.189434275651255,0.315658620005485,-0.0416673801775893,0.23381460936012,-0.203288907720698,0.323398221228701,0.110265916725893,0.483668353855101,0.455521055089255,0.201237304471145,0.129670818785519,0.0837540153925969,0.301903885248476,0.398396454058908,0.0309533096310547
"TFR2",0.255558420567735,0.364679739178893,0.15172004628247,0.271973570507265,0.124380969169634,0.268778475873708,0.160805690834104,0.123006700250205,0.131723208100308,0.101616304086529,0.287019191552892,0.584875504229609,-0.105424033030535,0.228456088578546,-0.243725943698788,0.375387695706682,0.167362128206617,0.569794336018834,0.604861804857292,0.269550258651071,0.167956245786816,0.0347051696068464,0.440406421644762,0.499380377861757,0.088881831141222
"TXNIP",0.12596075419992,0.212795468738038,0.184304974916708,0.389721227042924,0.307319858322799,0.31171142905254,0.248280885120252,-0.0131304631251972,0.105952778094865,0.00873580195150454,0.0733519932085853,0.277475593326857,0.0590134421977355,0.317118846504216,-0.0535152099660317,0.310073335369658,0.0513660000405127,0.35308464693054,0.456932996685592,0.329949710532074,0.221749423196727,0.0376794152697624,0.123248823004933,0.154239820507868,0.317375698617557
"LCN2",-0.0324843578512709,-0.252329929916869,-0.0778298250318844,-0.0842535127461497,-0.0180186117991949,-0.120671979159515,-0.082085231158834,-0.115400440737252,0.0758597379891232,-0.100085195912347,-0.177844997032762,-0.212347942915094,0.0856247814146169,-0.154778398809735,0.30281868489656,-0.214243149240713,-0.0914720840904473,-0.278393052192236,-0.173287869249307,-0.119822881349343,-0.11260704668087,-0.0794923211303908,-0.170483279596724,-0.184467326651024,0.0178048733739305
"DKK1",-0.0791618244279185,-0.17627702417872,-0.181623903181501,-0.204043880276319,-0.15708800247235,-0.268915503078162,-0.221461358058952,-0.00746442740201323,-0.0719597677564828,0.01399840542897,-0.0388676244245045,-0.170616764459441,0.0124052754950702,-0.21617254192129,0.185316045303128,-0.328712565631201,-0.060057410327147,-0.421467898954916,-0.413650888500581,-0.218356890190789,-0.154440442305867,-0.034394641341639,-0.281691776412764,-0.339697500490594,-0.102170485594692
"ZEB1",-0.302260318521744,-0.284237099842023,-0.0527965431715292,-0.0199311475144297,0.0251533439483457,-0.0820307118080974,-0.0389795258812068,-0.2975181407543,-0.11018722109647,-0.224754291866451,-0.409271125514939,-0.344236493974644,0.0270423819111808,-0.116188555509087,0.213973820088468,-0.0789732931271152,-0.268284534719655,-0.171503500925753,-0.169404615567076,-0.100901822365736,-0.0930619119063617,-0.0824587531587611,-0.378081241712195,-0.2538353591944,-0.0217032181770368
"CDO1",0.142896405639033,0.351351937465213,0.161461029392243,0.224389064476182,0.0982759122549742,0.257802759615186,0.163265632669672,0.104216086214879,0.273118720168973,0.151066491547174,0.15418845329934,0.459026157458479,-0.131450959720045,0.229403313510638,-0.248785972421734,0.304947245001903,0.088344371000749,0.522695379429232,0.467715462207185,0.327366609611012,0.162540153107426,-0.0238927466534074,0.294022142814378,0.487394069113287,0.0978396221440997
"ME1",-0.20950450481888,-0.260064344972176,-0.063746410715712,-0.151446375977955,-0.0755989574290375,-0.10396270413729,-0.0408334667583457,-0.186858761593334,-0.186798688452103,-0.10662832870654,-0.247386160427114,-0.405855768583031,0.0145031149109921,-0.218938892405693,0.0559173588314721,0.00499367543356608,-0.129583384938736,-0.0616892811753381,-0.222662580767011,-0.111403070646578,-0.0204226661137893,-0.127443286395871,-0.28215788245048,-0.0718747989262449,-0.0330258299693666
