"","Cisplatin_1005","Gefitinib_1010","Axitinib_1021","5-Fluorouracil_1073","Sorafenib_1085","Oxaliplatin_1089","Erlotinib_1168","Gemcitabine_1190","Lapatinib_1558","Oxaliplatin_1806"
"GSM362958",3.13839573856578,3.24295693607699,2.62149533853492,5.01329580484079,2.80581303151767,4.22770732521014,2.50275877903664,0.0316876175417989,3.33835503896784,5.27381440908584
"GSM362959",2.77636573976103,3.04723509020043,2.54275521806141,4.86202670865263,2.16568849079114,3.46085754753087,2.35462969257354,-0.512084078969169,2.64236397554799,4.66566594401246
"GSM362960",3.19550508694517,3.33419797049932,2.69161775876153,5.18998272745349,2.5223732585523,3.86746825555019,2.75579690873594,-0.210598093207309,3.00051799459463,4.71860600484186
"GSM362961",3.23921449443747,2.77708595797477,2.76754217395847,5.20423282063923,2.40059645549749,3.57048935708442,2.35252421016423,-1.4002928674727,2.61008752956286,4.34253279379922
"GSM362962",3.26746033115504,3.00939759721243,2.67745129484416,4.60427922142745,2.34157858537874,3.42342125202674,2.51085573108908,-1.03397024969158,2.96044111061051,4.48329109123914
"GSM362963",3.23432319922239,3.06335085898809,2.94247968354727,4.67816992186868,2.31223128840289,3.35252146272133,2.48248392678455,-1.26128404497609,2.88372712603526,4.3995719933888
"GSM362964",3.57702208793208,3.55950074748643,2.9378627065677,4.97288990066846,2.57048909503709,4.2889845052103,2.71942629621986,0.441183089164212,3.27721460100525,5.39720736084791
"GSM362965",3.43526795168582,3.56489264070587,2.8892906127912,5.0009190708274,2.64721518195298,4.28259502490047,2.83992169691047,0.0642377542902031,3.00069615444195,5.37207100391921
"GSM362966",4.48407750207703,3.46743333219261,3.4791244726639,5.99031343031591,3.14113405537985,4.88279403497213,2.64862626896031,1.94561943712182,3.19856986790195,5.89592487846647
"GSM362967",3.08713849904996,2.81544116015567,2.83394488073432,4.55485431016093,2.21577414119098,3.23232448013958,2.37500594705792,-1.50925152756518,2.67637369754237,4.32938564974265
"GSM362968",2.77745612780846,2.85136870564611,2.87044685462285,4.17992705609599,2.24787677183098,3.27116907721395,2.44199648219248,-1.83300982500262,2.77766881264717,4.34162112393833
"GSM362969",3.31364358201697,3.08736829961522,2.95175224066611,4.7856713262684,2.3311337586979,3.43476529438877,2.47306860321889,-1.3416457190774,2.80542315669493,4.25996919026873
"GSM362970",3.01153076186841,3.00467784079602,2.91440236159584,5.0100233341188,2.42406199816326,3.67115478959838,2.50400212549575,-0.113171501760961,3.08395676420979,4.9437884122954
"GSM362971",2.91078258705993,3.05385489343751,2.69895553643984,4.28693027063739,2.40501577534163,3.27637969747604,2.59688372804159,-2.25435011412921,2.64484988380347,4.33279972511288
"GSM362972",4.40269389385801,3.59670689219899,2.96247671391438,5.2117483102274,2.92190039236101,4.4476343049915,3.01880551002125,1.80940892689767,3.33631008946741,5.70373051586906
"GSM362973",3.62229745352882,2.96967166595648,2.64752935081178,4.83628220886758,2.27533077138896,3.43803024884608,2.52605219253027,-0.444527143946247,2.80909925465615,4.44526054162071
"GSM362974",2.36835635778149,3.1725084917301,2.60607511485229,4.27851241115754,2.31778753340723,3.03151560054355,2.66846869758094,-1.0057179548594,2.96925707958776,4.30643791512928
"GSM362975",3.48064732416708,3.08842651720088,2.62254949594769,4.89058900143305,2.44101137284467,3.58730099696107,2.47958322791302,-0.790248342401611,2.94960117480152,4.53875123253018
"GSM362976",3.20026444671963,3.37917449306333,3.41001180452943,4.45993056328488,2.58278446362676,3.74405775286661,2.6692080771343,-0.753210174295219,3.2795599373055,5.02825900414297
"GSM362977",4.16337114665362,3.36847164824026,2.92769573552475,5.29105822457874,2.67443289394826,4.20550814734196,2.79580293054599,1.09158457297029,3.00188941444087,5.29595676545523
"GSM362978",4.00861122225224,3.52780563093073,3.10925161452163,5.1071357722117,2.76350117646773,4.41517366102955,2.85372131023265,1.09602633809664,3.09263388726224,5.58256626491168
"GSM362979",2.78990166694591,2.81356581399132,2.59457612069253,4.17735320521358,2.07670699172612,3.12439505017941,2.29137644083289,-1.78492475050116,2.893422600267,4.3819344715592
"GSM362980",3.68318000712349,3.06421854515517,2.59755830059421,4.93055192019317,2.25232522602742,3.43043495132327,2.59072838689669,-0.802779024523186,2.68780533027776,4.36533092739988
"GSM362981",3.37902713106938,3.16073438483309,2.76990951023338,4.84683456696734,2.5139824274995,3.58329128789269,2.52470280489165,-1.48675036235304,2.64006729732911,4.57317227382804
"GSM362982",4.07029625075988,3.20466435572389,3.05886668792915,5.24294488711532,3.05199965138535,4.80769424965981,2.83316714424991,0.441974200095822,3.20487909419827,5.99585117400511
"GSM362983",3.62380302072048,3.21411175367745,2.61265286345983,5.29277741940582,2.63950086741507,4.31265632108645,2.54112023459901,0.732817362383404,2.76637472444312,5.91403049920923
"GSM362984",2.74348882025424,3.10338466004131,2.64101058898907,4.53464200515034,2.55767075526466,3.51776280732861,2.47660154934958,-0.361283801790228,2.88773833946392,4.75585129356274
"GSM362985",3.4011274171304,2.99825648109589,2.67542498063837,4.79031630529205,2.45616734633867,3.47263103033,2.48757002931003,-0.662142592579478,3.00825918979002,4.54894547535039
"GSM362986",2.62018629295112,3.53407276823646,2.87070047696035,3.90539647016278,2.5704780299644,3.57131217697483,2.71129564933306,-0.710605472615259,3.29026657778858,4.82271270603645
"GSM362987",4.26083145520842,3.11365032386141,3.06056307417358,4.34991009411665,2.46908260018407,3.95424543563321,2.72983129565478,1.94583176642856,2.76540963261482,5.06885537559939
"GSM362988",2.82200155014011,3.20364396797699,2.45118167347594,4.64326213475204,2.62344560601048,3.83853351420077,2.59300531243512,-0.430310996966479,3.44622623532007,5.01953108768848
"GSM362989",3.16529192902703,3.13421414589724,2.7307661483843,4.44398328193137,2.41062343590461,3.37591663159765,2.68204922718301,-0.410462065528486,2.92751408137976,4.50186799722272
"GSM362990",3.49165257778444,2.88886527788802,2.76613700939466,4.62888878930335,2.37796038524642,3.3700658548406,2.47341894002169,-0.800883531170316,2.6163623643365,4.41294046610187
"GSM362991",2.69763697848177,3.06476282238216,3.00107854185517,4.11380696632083,2.53982485859527,3.34372585212618,2.36266473604523,-1.96150108122125,3.27226051659641,4.45592565896293
"GSM362992",4.0574645647417,3.33070867649872,2.83838122085653,4.74825948279189,2.14021271363263,3.97610550583308,2.8630724765969,1.21084268723412,2.89300054887728,5.17425981332896
"GSM362993",4.07743152009433,3.5260932692187,3.1223134030838,5.51936969945089,3.00611646456903,4.5073897677427,2.79971856498086,0.866123018888251,3.35781875521371,5.46284191555819
"GSM362994",3.91742035476852,3.18991238738619,2.59968018259529,5.43170102798778,3.07864616508479,4.37414880145655,2.78351666180123,2.40964287323499,2.96138824755745,5.43311923062431
"GSM362995",3.31026463611754,3.20929841978999,2.76130773513693,4.60434356855435,2.53614836102704,3.46967397256873,2.5372159729346,-1.10569483716685,3.16594451980498,4.5953609119368
"GSM362996",3.10426659547949,2.90038658810193,2.67786546008666,4.33976813011612,2.25351147415188,3.32977795025362,2.37114177612241,-1.11542154177245,3.03627275569843,4.51990292578071
"GSM362997",3.30886073067438,3.02850154474866,2.51918727773775,4.53244663026722,2.29992247918749,3.24852751070697,2.55722021962234,-0.523590185237444,3.02806025672379,4.33880526227727
"GSM362998",3.38220618733041,2.82198691491005,2.66324191179492,5.78871599727941,2.64673700605008,3.79836809269463,2.3606374231227,-0.398354249042681,3.04561495241468,4.79870042621491
"GSM362999",3.09026333194205,2.67641429707207,2.36557902915656,5.245852747252,2.53756113490266,3.46884966209471,2.1263792801476,-0.763672117076133,3.0074294146515,4.21514159868111
"GSM363000",2.28612417764179,2.73911486423868,2.67055423990549,3.74906335087808,2.01059628449681,3.07429379378486,2.30887882621805,-1.7732366707152,2.87104286849616,4.35508598348413
"GSM363001",3.49050801069017,2.84703405861027,2.95811400424342,4.6243285356025,2.47878715850587,3.44106218451751,2.47730204548725,-0.626626614268094,2.81905368308569,4.55515475503103
"GSM363002",2.28458755375873,3.07568762403206,2.95148914421035,4.04742479529378,2.40857378832249,3.16370038597616,2.42482635811414,-2.68352976152707,3.29163067823281,4.56342930870478
"GSM363003",3.44500054768286,2.85773467771254,3.10304242062027,4.90377610502069,2.49083456638987,3.40403032282361,2.29379855232443,-0.471261035239659,2.90224230045503,4.58843623264532
"GSM363004",3.14035738257415,3.06585106688517,2.73488400833652,4.4436707055276,2.4627924758084,3.39337567860761,2.513164825241,-1.20681822333453,3.08287414579059,4.6819211314475
"GSM363005",3.04560757059672,3.07744786001871,3.12523234405723,4.52659602273603,2.45579203105585,3.39225334212652,2.41729075946247,-1.46684893999124,3.20160752303216,4.63491888420861
"GSM363006",3.36792690030112,3.15856881011887,3.00440137663369,4.6552703566036,2.56791067839997,3.45650555234317,2.61214178966961,-0.812382146942647,3.11810405805557,4.71266869218313
"GSM363007",3.00305071715939,3.09000386466594,3.19896157917018,4.37532802079661,2.55173752055037,3.45541143348296,2.62144408387223,-1.76524586471376,2.92467653265223,4.61623661971622
"GSM363008",2.42594165792021,3.19826351430926,3.41843636301271,4.66959292449449,2.65127364413996,3.72282267354373,2.51994808800954,-2.20508005758691,2.77447194434623,4.9423072170323
"GSM363009",2.12308072122091,3.13729881916696,2.90741158017519,4.68299590059304,3.1686162581416,3.94248241578487,2.45175794146406,-0.764296193150962,3.11011190267352,5.10990404287273
"GSM363010",2.99818210101307,3.09750184416915,3.18189145322611,5.53714976533789,3.78974245580779,4.39043641271092,2.15969718662454,-2.58834750273666,3.28200322173732,5.02925305178146
"GSM363011",4.8515177315946,3.4832237775026,3.96555206374922,5.85062665703037,3.29688261053624,5.17472915891323,2.67535927036474,2.21670429905103,3.25716395221738,6.59162348356679
"GSM363012",3.83588874957769,3.35550079025161,3.00782777939347,4.56396461585978,2.46808326229832,3.75268532463051,2.62453000441372,-0.488469230106978,3.20447520742926,5.05419720888379
"GSM363013",3.11297076576782,3.35057169478788,3.13761278177609,4.73482032712968,2.72147752858753,3.92776231283119,2.52088845537205,-0.329748399686588,2.78232608112381,5.28316317323705
"GSM363014",3.68269101488955,3.38504405348184,3.33930819988521,4.86621678882684,2.99814058951559,4.24031224494134,2.88711766708012,0.562682377575693,3.22304738673691,5.53888897486063
"GSM363015",3.29838909774051,3.39443627981978,2.96905417385678,4.82264696269506,2.92277818741951,3.85703928814503,2.93618414013579,-0.591801475650906,3.34479048321444,5.08377177212927
"GSM363016",3.82491231072641,3.51502075636002,2.85001573727964,4.68871705759201,2.66599841841991,3.96079107241781,2.82537746786971,0.650963488233251,3.63419545338454,5.40036919701407
"GSM363017",2.53016461358729,3.09930156567201,3.3306686054081,4.27882921563352,2.64112725757488,3.7322445602557,2.39533520509104,-1.09920487646486,3.0487203322015,5.05142820790256
"GSM363018",3.06972816313484,3.1609618200441,2.95706943340811,4.45691579017075,2.62394656638075,3.43289885696272,2.67775661153365,-1.60755402451569,3.05583642342214,4.7222109715083
"GSM363019",3.33316606131995,2.94137154804814,3.48312044360815,5.27980665469203,2.80436654975746,3.68144809036885,2.23069375430579,-0.751196410291732,3.16287557671349,4.76069309340065
"GSM363020",3.55146670816485,3.08396971788505,3.09495444464032,4.8016912356033,2.49930456914954,3.57728520214466,2.478009954431,-0.715432290856266,3.14215097586059,4.91211523667095
"GSM363021",3.16611695819588,2.78195739225836,2.87761516663114,4.77154626528535,2.55206613220162,3.37263828176947,2.29235545832259,-1.00123833211424,2.81435003297737,4.49257152433971
"GSM363022",3.30342505073199,3.04757865103681,3.1639193653291,4.67116391919388,2.61113818982936,3.5570312760479,2.33610405763166,-1.0470091824429,3.33220964694649,4.7601165969152
"GSM363023",3.4381536661305,3.06050101670684,3.16031490201231,4.89345488663441,2.5265765380297,3.61976069419689,2.58392610456622,-0.2095813751681,2.75212706163321,4.69045359111561
"GSM363024",2.838489634241,2.95919844489166,3.04248490231836,4.12122984209211,2.37946379938044,3.21964978368647,2.3729082738874,-1.90234847054455,3.11079300751183,4.63528730504629
"GSM363025",3.27908160092898,2.99501406606676,2.72914791765642,4.31853056380301,2.32229942604759,3.40643945210358,2.50773504581261,-1.22045573238383,3.10803526667573,4.70020307815026
"GSM363026",3.27570061034099,2.96901927237554,2.76851579909756,4.52851734988996,2.39760087129744,3.41421016574637,2.42627334360319,-0.944374529097011,3.07547332733378,4.73911434590486
"GSM363027",2.63951120862743,2.91930280177308,3.19781470532425,4.23942273287265,2.39192079587538,3.16794590720789,2.18296121216913,-2.15838985115385,3.23624560817683,4.4614842386137
"GSM363028",2.59112415904603,3.08120242152301,3.09293159115884,3.7702635992002,2.53909581075816,3.05797657433442,2.44083997509209,-2.03033323218625,3.06997850329726,4.33931704472955
"GSM363029",2.07304512373204,3.27668702140845,2.44451767901589,3.9498088379473,2.34930263559488,3.38370601273097,2.50804239619263,-1.9569412129195,3.39078798846599,4.60554250095899
"GSM363030",2.97648620886434,3.22910397290964,3.07301153844316,4.86834320542315,2.87262363687527,3.7827559385512,2.66855931128577,-0.47654470592155,2.89835507410436,4.9770001618932
"GSM363031",3.2768214539278,3.33656427508826,3.34508105603454,5.08803007723557,2.98927035768168,4.14756998075178,2.58432837903123,0.281955272538627,3.78785503170604,5.40203046677091
"GSM363032",1.91812473835374,2.83309990435378,3.07546886916695,4.23103506040127,1.81941172124119,2.9703587133028,2.31040715895756,-2.79969202669679,2.66595671133279,4.46209358658218
"GSM363033",1.97660161580074,2.67279303340385,2.80452243109231,4.367130422514,1.84803196135778,2.94587898049961,2.14181644229218,-1.27105699451344,2.56641565476148,4.24833880176211
"GSM363034",3.5817307729898,2.93156175046363,2.6008138108257,5.75557075483725,3.16985745333623,4.6720191927682,2.41384477243265,0.869904887748003,3.261412932899,5.77956415721368
"GSM363035",3.39917959446276,2.85188008117017,3.26003569387886,4.82670319922896,2.61512481234656,3.65753731257178,2.41034718859451,-0.428640403070458,3.05447517372501,5.00895512885954
"GSM363036",2.36952302402661,2.90186102065219,3.53366841578305,4.79194203955625,2.53003804788721,3.78886914603504,2.60013818597547,-1.9856434978518,3.1104658985222,5.405117261928
"GSM363037",3.33152008229962,3.56791797763171,3.36345222484277,5.21789213633712,2.37034638012599,4.41834386631068,2.51251745589429,-0.258113849055102,3.36830117999488,5.57696483273245
"GSM363038",3.02601875717746,3.50008373504165,3.03414931430951,4.59099254765485,2.79127353373257,3.7301852682142,2.541004438155,0.311871721602514,3.93491935818323,5.67135612331374
"GSM363039",5.14941277089759,3.20270142053203,3.30584551594666,5.46093979327322,2.92764296856077,4.66315299207598,2.68214436609276,3.71286538114734,3.43286828341898,5.98442323815664
"GSM363040",3.03861631296988,2.76954870791501,2.867794875126,5.62948637733407,2.51292570482686,3.70478798791995,2.01195554459664,-0.893342112055895,3.10030509878724,4.63172935687506
"GSM363041",3.15840693360844,3.0456237530614,3.83855720262363,5.07118854860336,3.83728509222176,4.56365156949265,2.53454457242652,-2.06333060730055,3.07211742209837,5.41553493632418
"GSM363042",3.01832772254352,3.04565961653267,3.37921948139248,4.95245861062541,2.77198211239713,3.62980752518885,2.35825984818037,-1.14544654224866,3.3140683964445,4.75395511607566
"GSM363043",2.48673684267,2.97864952717688,3.30382702517747,4.6141295552864,2.57875759143823,3.40721569177711,2.33544870742284,-2.29870517141941,3.21275031454008,4.72855033558698
"GSM363044",3.21249216749598,3.23077713555974,3.11351360263275,4.96112915807239,2.57039437823333,3.5912642224169,2.5429488974409,-0.663131962150877,3.18168968804115,4.83184596574502
"GSM363045",3.83290834507992,2.0999879192883,3.03726031552875,6.86027830714584,2.55963059579151,4.37202548596963,1.66182045418068,-1.41971149485758,2.15172104841214,4.42049791949293
"GSM363046",2.99981792810089,2.92571794865512,3.33226339616148,4.99255418068495,2.73271111026791,3.51139672889166,2.2184605685427,-2.00314541793186,2.93825781347737,4.54091792165698
"GSM363047",3.61027636459367,2.95299455810019,3.09752393616454,5.01019707359353,2.64566297856092,3.62890684656131,2.39981355157472,-0.763133360627985,3.01267615582352,4.81783536795514
"GSM363048",3.99207390525873,3.97376542618458,3.00310034780627,5.52643280878683,2.92832090784508,4.94576688862018,2.9972335558587,1.36139122973525,3.39195950799955,6.48246866157993
"GSM363049",2.9788172924916,3.42659644277042,3.37370128998053,4.38689644428425,2.57507099100299,3.41963808547919,2.72860415888924,0.131727099176886,3.35222863002744,4.71224835324973
"GSM363050",4.41120527491667,3.51027184887127,3.21299122749039,5.70343109931193,2.68761938816214,4.36753604419755,3.15160670589801,1.02957070020649,2.83163171895979,5.11707782256111
"GSM363051",3.09462660538088,2.74616965695422,2.6212394465933,5.99738292705102,2.69614650261735,4.08491459863906,1.88304400216834,-0.197995550439994,3.12372945638822,5.09338530485994
"GSM363052",2.60013879836522,3.06320876233619,3.30710791976104,4.39212308262751,3.1358860239616,4.1396569855566,2.14242766032785,-2.07324873385079,2.58434900163087,5.06181965428708
"GSM363053",3.13117360819245,2.89906064273944,2.69991822731903,5.20384161398517,2.57958839411745,4.13920557173477,2.24270358689916,1.05101053574029,3.28315571833505,5.41453203060202
"GSM363054",4.02049186667843,3.55521660610448,4.17719321933891,6.10481670560084,3.0294694281445,4.48769020659381,2.88322498997373,0.152434885475816,3.92091943954634,5.12807240234307
"GSM363055",3.91981616661316,2.89757193875631,3.51872096493475,5.83969165157831,3.41754035967574,4.6751425179329,2.63680999015421,-1.27604157818303,2.27124351790045,5.42789490712649
"GSM363056",3.77304873262394,3.22648793218361,3.87198027588258,5.61549942488275,2.92938683663113,5.18110274149639,2.68102083665432,1.50986986020637,3.12079852111272,6.57003120360188
"GSM363057",3.95815960503804,3.51517297392924,3.04389537178535,5.19898125386126,3.15932207146678,4.12873575059678,2.82479587970112,0.104956477538578,3.42999944005888,5.56318295748887
"GSM363058",2.71599936242856,2.72897775142077,3.13824646991045,5.65810977265123,2.76361603394144,3.90668994473491,2.03515605062481,-1.29541901787965,3.20053354781175,4.79334056145314
"GSM363059",2.70573658874938,2.80917847146756,2.89635999275628,4.03857995029996,2.35860529396195,3.12314021032094,2.33248454825247,-1.5960332226054,3.1255540643058,4.44268856584166
"GSM363060",3.19455344136007,2.89976488217618,2.945514702794,4.89453870402027,2.68799901161797,3.60322410909557,2.28764295040367,-1.53879625953438,3.07719316328743,4.61659419884094
"GSM363061",3.35008817263832,3.1085352684166,3.02741790035949,4.89616578527896,2.64378458503743,3.59857512884475,2.54481470506774,-1.06676202947418,3.18759250034362,4.8179993024116
"GSM363062",2.9390033032029,2.8145839077735,2.92560569753443,4.54895307932296,2.52582811362788,3.40797726672107,2.24747709269004,-1.60273145019868,3.08811208226597,4.75683101578232
"GSM363063",3.14662883748374,2.60619446673156,3.45618868296368,5.8739318294879,2.90284774666923,3.75650221387239,2.01409146404413,-1.08021425034098,2.89991185841505,4.63727476409551
"GSM363064",3.31599147251633,2.7065428402413,2.94928399636476,4.92381018760195,2.60883817082249,3.72730311880998,2.06799242421304,-0.657883411033511,3.22984758653218,4.88457950575327
"GSM363065",3.37545225279407,3.06832269009755,2.9375582867345,5.00280049313844,2.50937663821792,3.51484460098783,2.56326688344015,-0.827982420009372,2.98681147556406,4.75215442327952
"GSM363066",3.35425680824958,3.16749609726603,3.34374160127614,4.96019054549072,2.61228551953387,3.54753369417522,2.6997775668052,-1.24498784466779,2.99175180981701,4.56588853121707
"GSM363067",2.85488831669259,3.17168027871411,3.06829564040146,4.0790957336795,2.45698239836539,3.29286740734936,2.4886308279046,-1.62975022838033,3.20977138303774,4.6230760873614
"GSM363068",2.64189215073178,3.17766932972305,3.06443983014159,4.12710355418815,2.53680547791183,3.16955535477417,2.47894926512425,-2.09466166446208,3.27665857532585,4.4807136843089
"GSM363069",3.86092082847373,3.08383743462766,2.96094353048415,5.17521180743787,2.50450836383185,4.25103826816941,2.62637475316444,1.96896545760894,2.79847795645206,5.5361989958735
"GSM363070",2.00395895417285,1.86887673003325,3.41962288609315,3.86404731392908,2.14973027886332,3.23715838965578,1.79283346738253,-1.94034289790445,1.7441915227348,4.75353510426421
"GSM363071",3.70230261097377,3.40189570109518,3.20031783769968,4.55191185269541,2.55361191695259,4.34550773902311,2.59980134101106,0.0301158269996362,3.17171422293406,5.63335300893812
"GSM363072",2.01472733583899,2.94699259479834,2.76589739011967,4.1342631121199,2.20519244813085,3.01564585664179,2.34026368088184,-1.88232447806043,3.04629293515811,4.39268961888422
"GSM363073",3.20942674935421,2.49574016379355,3.16612291427755,6.15362796952901,3.1736720439686,4.29133899190378,1.82650414716187,0.00879180232498328,2.74162389355022,4.98993753212011
"GSM363074",3.86690359706535,3.41351077869273,3.51693354348095,4.9257128127811,3.10354978025785,4.06675373689331,2.80856659204742,-0.213741966039314,3.17038430618805,5.24949306108132
"GSM363075",3.3633920842017,3.50728038396778,3.25276151249498,4.4265992387687,2.61785758057464,3.97570915966663,2.67872523572048,-0.40855601421812,3.08614396905308,5.16061484223901
"GSM363076",3.07572682403105,2.66472825633785,2.97303324327936,6.18563902990681,3.24445779173418,4.79352844646139,2.15550709921274,0.606144307302547,2.92125856041889,5.15003742487446
"GSM363077",3.4649775142135,3.63689231387668,3.85468915445707,5.20535652265957,2.46505768956247,4.0073711221688,2.99828989809862,0.138716112628911,3.30559432759691,5.32479409019734
"GSM363078",3.55181401173388,3.34993420094291,3.32905147738134,5.18817627994858,3.00426020150844,4.16976100588679,2.63505912230514,-0.0762810873449267,3.53444123167397,5.69877964845897
"GSM363079",3.49144873129181,3.49501677126792,2.89521329747264,5.13442316254349,3.07561454307103,4.25502553566268,3.08328785490401,0.833666066277978,2.9088997653,5.20480939502959
"GSM363080",2.52595679399189,2.82265708760652,2.47709660149959,4.65206044304701,2.56948018491933,3.8435451122496,2.33870101584319,-0.88569389271936,2.3394590379097,5.15764381282113
"GSM363081",2.84298159186215,3.07912634599148,3.01079458951968,5.09754099616147,3.16271130394401,4.10029278795647,2.74167084882161,0.574241473584878,3.0880887152298,5.19752270080942
"GSM363082",3.8992748446955,3.46167229547509,3.55877970921632,5.44287790124749,3.11444488380058,4.71927104520999,2.60475084638283,2.17146888848089,3.29281537331811,5.5927381488584
"GSM363083",2.72516308526335,3.35917602173866,3.75132878038187,5.08856884535494,2.44536457401034,3.49529158931752,2.60335967819333,0.125018383039989,2.34906256002438,4.47815036351673
"GSM363084",3.27992638434651,2.93182741899656,2.92853206251579,4.20625695601352,2.46306091815549,3.47548839220985,2.37150873266842,-0.42906862792068,2.75463748267429,4.79569375026036
"GSM363085",2.39850749177998,3.2586843865883,2.79088628828462,3.79001927091102,2.30961548332749,3.13796424918568,2.79763122453095,-0.673350814158647,2.92853129333161,4.42614608741251
"GSM363086",4.19815845068165,3.52782172393725,2.51524224459946,5.11683550665788,2.81472193315213,4.30722751211241,2.73766293923316,1.97780687971595,3.55359997885033,5.46478470550836
"GSM363087",3.36296404153959,3.47291523649123,2.85608980033404,5.69168107866534,2.88534070059382,4.25036374681034,2.46702990778249,0.0622905014103945,3.3449963553392,5.17187878013745
"GSM363088",1.7875228374039,3.36832263081146,3.76172661150988,3.9567085144029,3.2252321630576,4.16426836381586,2.71316096443747,-2.79964482528946,3.53135562667295,4.7213080710019
"GSM363089",3.41916751295676,3.15199563286046,2.78268852934531,4.60077665336523,2.61640209712773,3.35936861551412,2.51774503121779,-0.862597690140418,2.99886785634916,4.53038352570785
"GSM363090",3.41918138251141,2.98026205512927,3.04060254032804,4.51007561552235,2.54127289732937,3.41032615193462,2.5112001599889,-0.642185936860528,2.95686995920723,4.68753271279735
"GSM363091",2.64146032520603,2.8387976726938,3.0389699002542,4.14003139092058,2.39817417970781,3.19835936562197,2.45199191061293,-1.7599239179513,2.96142844171205,4.4325939322317
"GSM363092",3.23413108621752,3.06443686809727,3.09129017662789,4.77584003479032,2.61209966036794,3.58555365760978,2.68420866691332,-1.56319202356461,2.75919746670459,4.71167413153157
"GSM363093",3.33537180145037,3.13365166963694,3.01946502283832,4.80195962220437,2.62341439587374,3.46373657572657,2.58419444519806,-0.585022123943504,3.0099906194803,4.55714096470757
"GSM363094",3.88695645209098,2.98033029762848,2.79992972913724,4.77430850158,2.53785768900811,3.54617545031421,2.50273726615901,-0.153453423621875,2.91864154446747,4.65430790947096
"GSM363095",2.58780981669999,3.12373356693762,2.97049218386819,4.23304262133473,2.50430544850269,3.1670480392906,2.49123122788873,-2.80998768688141,2.88598195201173,4.25249785781079
"GSM363096",2.69992891857285,2.99763501288703,2.85011754022288,3.94296793369631,2.38199486110143,3.05756630239003,2.37430993005484,-1.60910705107468,3.18541053539258,4.38858549442572
"GSM363097",3.1879568024323,3.08481422235408,2.76357027734682,4.1618071964829,2.38358018560341,3.20829559512004,2.37539679388981,-1.05047683062917,3.23952970295676,4.48380290081524
"GSM363098",2.6331651066751,3.12766575111837,3.08017276816845,4.91647260504221,2.65192200048453,3.81875259064817,2.34207875179553,-0.764763716295785,3.33483303394698,4.89608897164025
"GSM363099",2.52709806749124,3.19025415036586,3.10986149080601,5.06443156022504,3.30535248927012,4.11476946154407,2.22123718624238,-1.67264638473811,3.34056849454338,5.00113226216145
"GSM363100",3.26840311497239,3.66072005266915,3.35941421352272,5.81247756005403,3.30395601497175,4.77639218520768,2.58423790138395,0.323988698412323,3.40646589366929,6.0054352380841
"GSM363101",3.24223112827316,3.09534300635705,3.34896579286323,4.65889327789208,2.25784721539377,3.59345223347594,2.59486103228754,0.0650402820784473,2.61212651858399,4.90770479669976
"GSM363102",4.09297493119384,3.58289755406757,2.47798839598066,5.45440976461816,3.22006156299868,4.87707930682338,2.88641452281941,1.14736346830485,3.57135897902526,5.98717034735358
"GSM363103",2.05582936035201,3.05866343060457,3.00510513844222,3.60176872430981,2.34013949679279,2.74098318483949,2.40814013558051,-3.09220967335286,2.90505697703094,3.96463015610686
"GSM363104",3.63690667533995,3.38627097479734,3.1109996197569,4.89940580176321,2.80368520691881,3.94023333538398,2.68919184850499,0.434527413085794,3.04978104559547,4.99386940858246
"GSM363105",2.89654987331678,3.22490045496628,3.00461603959482,4.0049189523795,2.71032285456091,3.45777586829387,2.67651257773286,-1.07353765222558,2.68054627205773,4.61897664936434
"GSM363106",3.6321766391518,3.32743006339678,3.53595848603807,5.60206268163796,2.843750715778,4.37208351846631,2.62120110637751,1.21425796878603,3.13710203940158,5.6003372297843
"GSM363107",4.64898058186683,3.80434789368579,3.21263244876489,6.02182030826445,2.63580960126884,4.81249108733524,2.98579828235443,2.86920116136548,3.49703956715513,6.05349308317106
"GSM363108",3.20405397479663,2.95660384394266,2.73454212022692,4.62102996358022,2.78040229631784,3.82507988109129,2.46631893770028,-0.315876703732907,3.15087837228681,5.22423729120364
"GSM363109",4.79919403696254,3.66133883816319,2.67837536671634,5.93856849403549,3.12646418267073,5.03371307746883,2.80547204517382,2.23885563590609,3.48778167755577,6.34510699871521
"GSM363110",2.82913110840484,2.76916231913752,2.86762612682443,5.19181904843536,2.76151149887796,3.37647246975812,2.14541114086049,-0.98927944675211,2.76420219211433,4.26979872399223
"GSM363111",3.2910213538831,2.75787549919996,2.54254702542176,5.12241453642365,2.70921774982115,3.72910094390118,2.18744688628557,-0.705042148371702,2.98083943919327,4.66373575915148
"GSM363112",3.27150055308468,2.97655496554462,2.7107637470719,4.564147134834,2.49590588572387,3.53929641665718,2.37200447483785,-0.62348640072467,3.24786909176051,4.79650234146893
"GSM363113",3.32846467096426,3.16759994593739,3.02655016592675,4.30677336420318,2.5149857803004,3.48949492014364,2.61338577184035,-1.21912228556954,3.08271111549333,4.62734295259344
"GSM363114",3.13420442665323,2.95385040750831,2.93987043998546,4.20812013910756,2.35158712589623,3.0639052531309,2.36193810462028,-1.37231778415934,2.9646640542867,4.30350382946911
"GSM363115",2.74988580776146,3.17709828793926,2.83350879124918,3.87885491020196,2.69194101115912,3.34077517448661,2.46421023499555,-0.985728495021671,3.18617940373722,4.96160474959785
"GSM363116",2.99496238133929,3.03177308854063,2.77728974390571,4.22105279748595,2.46790196807171,3.26946726367544,2.44082174726565,-1.26206689917294,3.06199139086485,4.50030253802975
"GSM363117",2.97019955109396,3.12753035821281,2.87543205066965,4.26427459433075,2.50263459528425,3.23466796172084,2.37918622974195,-1.74021864386866,3.30422640252753,4.45136994879606
"GSM363118",3.52921961374467,3.18578881284278,2.91643567453867,4.56983960458168,2.64467259130253,3.48749474000901,2.56809397746577,-0.786431458101115,3.30021387740193,4.68393328044674
"GSM363119",3.47583999082929,3.13393047175916,3.05141259118153,4.57863756862436,2.6882232688088,3.56646045171602,2.52695165777123,-0.750965942562294,3.17872043713519,4.78564676332198
"GSM363120",3.49641446186641,3.06872762894772,3.33328684737454,5.57084422384203,2.94218131449967,3.80590374343512,2.30525471275756,-0.180583574794604,2.93037424079287,4.7106946436056
"GSM363121",2.14195905243526,2.91254070851789,3.03303379171064,4.69163955782183,2.78817407747917,3.69226287284575,2.06357157817568,-1.58702649773692,2.5412030173747,4.92627272012893
"GSM363122",2.8839342057691,2.72814599521666,2.86257481314233,5.35138389100902,2.88063035134501,3.93035307207333,2.17512843628141,-0.594878407654786,3.2340434575477,5.11901463648327
"GSM363123",4.54070221085879,3.25371194636668,2.7350048174844,5.62678466673276,3.09163094022738,4.90183992120623,2.66712892148306,3.46171371888034,3.17350499754001,6.21526111359185
"GSM363124",4.22490591971604,3.10069263869153,2.6970411612274,5.17550616088948,3.01774113650031,4.31598693946721,2.55810069367922,1.89407326371101,3.0386522077494,5.45084679337453
"GSM363125",2.82073398396298,3.4372968584844,3.16252778157372,4.48561922652683,2.8177743249377,3.90442831471309,2.7031935522371,-0.84142097730848,3.25074803942133,5.23871371211621
"GSM363126",2.81395312961451,2.72803300459783,2.82363051626951,4.48180285636317,2.48599351023324,3.7150696490386,2.43089967630977,-0.832851776726783,2.59709281239967,5.18077227081606
"GSM363127",3.04498261901015,3.39789612246162,2.24381305010231,4.46611022489825,2.65071386651011,4.15113479577024,2.65405554569159,0.145231478875706,3.32651811632108,5.55472062196712
"GSM363128",3.94251857366825,3.39723024852803,2.46943328617692,5.25715241789924,3.29869739869009,4.87350819881606,2.88078194473769,1.47781658969529,2.86836830493772,6.22807499723906
"GSM363129",2.73524563704095,3.19578199536735,3.18674402107019,3.6299282022785,2.37799387553617,2.87130199715396,2.7730759115353,-0.468954074092379,2.91320434525933,4.10322496841165
"GSM363130",4.23256499341313,3.64259478885203,3.48677142862279,5.39683643192021,3.12927694522395,4.75045009109087,2.72246296422693,2.06409990140572,3.24926527348021,5.73777967192594
"GSM363131",3.15341443340316,3.03834644420395,2.923221153506,4.47924257821238,2.48565174740326,3.36707049368817,2.36850566715072,-0.727252330422496,3.2741515319126,4.49683340662573
"GSM363132",3.07835840643926,3.27297494931012,2.76694320646067,4.33438522342281,2.49426293873585,3.21974677299142,2.5814271656323,-1.40053046397034,3.12156355370188,4.45855864797302
"GSM363133",2.56584456173452,2.88491858844437,2.58967907810695,4.35058165693704,2.41499249100508,3.02118281951801,2.32648492485268,-1.77300641665762,2.83194454749751,4.21937271668488
"GSM363134",3.30976665606042,3.12879290752573,2.89862266964688,4.63715943443201,2.62683690721009,3.43804694595568,2.62222106719971,-1.19372171061354,2.914837577568,4.54272331540519
"GSM363135",2.54839125316893,2.83720278530634,2.48739119143366,4.15477979331759,2.23529209674459,3.02129708217899,2.31902216425943,-2.14761888402257,2.84680689858383,4.27027390208176
"GSM363136",3.50162262335791,3.05046183634603,2.80758510577599,4.58622109850651,2.57150606677667,3.6305269103598,2.47470097379459,-0.522895826754354,3.27445543064328,4.84318518510551
"GSM363137",2.43697693481669,3.01390315010033,2.74708983131557,3.80347552739954,2.41119079026792,3.19400957950768,2.28277451008813,-2.01239044488129,3.41133248947396,4.50115290523318
"GSM363138",3.82054724792412,3.02562355814551,2.81616760285717,4.91846015421424,2.53787656013908,3.6302011762873,2.58728861532194,-0.462147568321752,2.87032482272583,4.70060638144438
"GSM363139",2.77946967151733,3.01439427578102,2.78795102629938,4.17165683452834,2.37918541029679,3.13783725336305,2.30023283050755,-1.78517390010115,3.22930809518656,4.39150374950263
"GSM363140",3.11159188367266,2.93987685978765,2.81500318667437,4.28170082526912,2.44022951245939,3.26933887458984,2.45054635045164,-0.889846467384077,2.97327027482901,4.46394995607649
"GSM363141",2.98236331963365,3.14342147528077,2.96252346491663,4.90137430028527,2.7968156758129,3.57135779146883,2.4445479523876,-0.989212299617005,3.08539662796414,4.443733314569
"GSM363142",4.85413465344979,3.70004027678584,3.19718418939561,6.05382843318433,3.35209798238421,5.02758344391615,2.89713981149617,1.84883027579254,3.45492259588436,6.17276633778452
"GSM363143",2.46094218223685,2.61431117117059,2.77900266126461,4.78442120411064,3.02855234793159,3.97474335614516,2.04402660868665,-2.16423864023283,2.98194699873241,5.02004383640637
"GSM363144",3.43443382366915,3.37880415974665,3.30493269182,4.83642477341301,3.00224153515528,3.97088867713178,2.62017302868024,-0.341909075248459,3.06071414388127,5.07956573605729
"GSM363145",1.74953970600857,2.84906376245055,3.16128221411154,4.36171067266412,2.57823554469081,3.72275785636887,2.16591171652242,-1.56476279626658,2.45545605861521,5.22085287249254
"GSM363146",1.89240455746904,2.9264059007574,3.36574420816218,4.1317143743946,2.56649062615436,3.48795313124074,2.2530757531194,-2.31958034479544,2.3608476618479,4.62400039093415
"GSM363147",3.24438105931733,3.44236410749019,3.09184249571473,5.49245753162061,2.28913757228771,4.33366809848815,2.79890679980996,0.785549261234656,2.91028906807564,5.76720806402792
"GSM363148",3.14401303390209,3.31700750016077,2.89061774859565,4.82661402711002,2.26139960103061,3.49899498551213,2.70371983289364,-0.544828257468052,3.07375976343899,4.79437257034209
"GSM363149",3.89083067207331,3.25354964658135,2.8427934911567,5.31355793352549,2.93705487418002,4.34425301863728,2.64985800723479,0.157359424186053,3.61174060073782,5.6816953529506
"GSM363150",2.73848183877855,3.5734420715659,3.29553424316505,4.92476052283693,2.37388964329026,3.70130050822708,2.81677816901556,-1.18364982674542,3.09979643846609,4.76100616206539
"GSM363151",4.97262865763963,3.74365052828886,3.1766331585046,5.75752139122835,3.08346067096084,4.92534069809956,3.00417148727119,2.34653135037754,3.76598798613975,6.1677065610059
"GSM363152",3.99286540476551,3.13264381531493,3.25365420881426,4.9054241327724,3.01696564209068,4.41326288644279,2.57823101449013,1.313014397944,2.67649430573023,5.51698025033953
"GSM363153",3.09964864527909,3.11027478414228,2.86384319391834,4.68871259818449,2.65844052330434,3.51289049050329,2.58406843314584,-1.44321203949731,2.99685053739527,4.63743685385584
"GSM363154",3.73599257883098,3.15467123479832,2.91134488811136,4.9177071656918,2.56378647712077,3.54915974078287,2.63144531480613,-0.502484634415252,2.97799557817335,4.70001459217099
"GSM363155",3.29941143239385,2.99737884106112,2.91879166073985,4.77679552138282,2.45093621208038,3.32475582378815,2.45825942780949,-0.774018344953128,2.85436596534292,4.43758570861878
"GSM363156",2.92887622698298,3.07853657815558,2.76645351879456,4.33331028750094,2.42527600062705,3.24537737602805,2.35319131801009,-1.35636071458402,3.25958254941804,4.55873038974325
"GSM363157",3.43154652476627,3.07361234364791,3.08052217876039,4.6120324476037,2.60119414127319,3.47791610672734,2.53794033795428,-0.670929042448465,3.06446333795801,4.55850469022173
"GSM363158",3.17786633578174,3.00688469385507,2.82948996771434,4.72526613510368,2.44647880684228,3.44481427629769,2.46904668848042,-0.8913649651035,2.91098445432324,4.57333317420843
"GSM363159",3.00913375907208,3.04930131114513,2.86506299378159,4.48670736125202,2.50911649139807,3.26605366285544,2.45333807757554,-1.22528347809995,2.91238634915447,4.27613772234036
"GSM363160",3.31257025140596,3.21784810705214,2.73923576874394,4.67722905366912,2.48429592921167,3.609710778528,2.47405086009837,-0.843800895991996,3.22371625856334,4.74451410048518
"GSM363161",3.21583996236713,3.03180082905464,2.80640231273729,4.49645434067562,2.47564243749068,3.28839396084169,2.44853244538965,-1.032368544429,2.97848529066759,4.3894457499531
"GSM363162",3.53907735419406,3.07871100174862,2.76591054356394,4.66088789532215,2.59456966721773,3.57866777452407,2.47893925337878,-0.457738525023323,3.18316983648009,4.70275660562025
"GSM363163",2.94577986443221,3.07960647000581,2.72468998264477,4.28854711185237,2.42427851752627,3.27681980782337,2.49358640671904,-1.60926164441933,2.95542727931932,4.38593559414563
"GSM363164",4.26990611300186,3.55724213851095,3.3084926144153,5.20466328848783,3.00542592954202,4.01459982828712,3.08622586372422,2.27953351703354,3.2216279755783,5.13839608638925
"GSM363165",3.84357661891028,3.04304600401684,2.85836229976311,4.80276444362646,2.48067077344823,3.71271789669184,2.53460384618731,0.510435715084144,3.0743009003444,4.75354643732407
"GSM363166",3.04114232871469,2.97875650268421,2.81562003732985,5.07186575942429,2.59144985751097,3.95424689328097,2.41183159471459,0.340953415332108,2.50430515413696,5.15422818668422
"GSM363167",3.37314834330681,2.81980406592127,2.74325867448402,4.50627871532742,2.42141492571549,3.16673976549524,2.44553467068797,-1.10036586678759,2.50064159559929,4.26999807489608
"GSM363168",4.83161687588237,3.31021050047424,2.96601752913207,4.83213336029818,2.88684364827094,4.24262462100578,2.96838098957818,0.371453381517654,2.78412458663864,5.64035343531716
"GSM363169",3.47644521466428,3.14190794228835,2.64534498574466,5.10909295122506,2.56903720347245,4.2319274458389,2.43723059304111,0.305292080127463,2.91462129848616,5.6987363664299
"GSM363170",3.5957328254254,3.57485277809806,3.23317490172182,4.73043123882234,2.8967947635138,4.42208377603157,2.5719707167775,0.648548465839921,3.70996965551463,5.62935086936334
"GSM363171",3.36268503035419,3.16398247550456,3.00092078661333,4.36330965727893,2.5032985944553,3.35967948885266,2.56915422609025,-0.814452676386055,3.02312513252489,4.5395975350477
"GSM363172",2.98348231160874,3.00392277535733,2.57805676315977,4.91688441030585,3.12947152986182,4.2391777502018,2.5017147189194,0.63082237284223,2.57059806890734,5.20938471868039
"GSM363173",2.70379393084362,3.11513380198552,2.86035845731562,4.15972612169508,2.58132875347327,3.36423617698136,2.55171993373781,-2.15852224019483,3.18957854602021,4.46974369433384
"GSM363174",2.70037734496193,3.04131475635333,3.05561740581114,4.24634279469554,2.14957485337712,3.39263027577962,2.57908260779282,-0.0966764434619765,2.93196379214424,4.74057305181397
"GSM363175",2.70674698312858,2.86775350995341,2.71893082806489,3.82988071528788,2.32392471930528,2.97110319527266,2.30241582449158,-1.84839511863028,2.95195548527509,4.19133198577372
"GSM363176",3.36699041869225,3.24801876258702,2.75243296246411,4.22464792133142,2.57638435361151,3.7885324282161,2.61876649156774,-0.584012083668681,3.33270927301698,5.03532804554779
"GSM363177",3.16563051413271,3.09848587507511,2.62418493036546,4.46235434808364,2.55482235150516,3.46995850626692,2.51697989522058,-1.08661897183754,3.23006364229934,4.70159682209853
"GSM363178",4.13990940196172,3.5075384733419,2.90324286723963,5.81271060695415,2.85072309433921,4.54976909524325,2.73422802345173,0.333003826373834,3.63873531485182,6.08354928949397
"GSM363179",3.81453408539576,3.01789683192208,2.809500663809,4.68516945479354,2.47502252547009,3.5497555018249,2.44281087714064,-0.144237727861562,3.01277169870685,4.76138513570227
"GSM363180",2.51604004650924,3.23959173212639,2.63994959505228,4.13410234471232,2.1856230686584,3.06758484544997,2.63805764497878,-0.97051034449286,2.9900894727038,4.24966925845087
"GSM363181",3.33746548218182,2.97085493224121,2.58122770489355,4.29489535505004,2.23294045126329,3.19690010714397,2.53767363144361,-0.744823847745675,2.84978985103144,4.38100920842278
"GSM363182",3.58970039731593,3.39110704297915,3.46593715112729,4.88452017862835,2.5720558339749,4.03010922865702,2.77367963736272,0.0516795248170272,2.94302811235275,5.4626081431463
"GSM363183",3.24112064112379,3.13886757359984,3.12844975336328,4.55427928438304,2.66938203093582,3.59155962913904,2.61046722702357,-1.48201261230528,3.00952642006977,4.70820833040387
"GSM363184",3.4784038466718,1.58336350663372,4.06793909594805,3.90144781453101,4.23341097188625,4.79611392376034,1.29252614641708,-0.864630816393564,1.32273634688351,5.88961695080698
"GSM363185",2.65293470256936,3.28889893744971,2.89756771241851,3.97502292909234,2.42757330475344,3.3584047814815,2.60445331712812,-1.75446238971913,3.4633606978168,4.59409324961426
"GSM363186",3.32534372015804,3.19164515767084,2.95660636601455,4.48518761186166,2.48983498018887,3.52444177275814,2.60631957285997,-0.810531224076775,3.23166481368042,4.78694464106225
"GSM363187",3.38833855298772,2.88011853766791,2.44736442925855,4.25158233787571,2.18029398250348,3.23110914211419,2.54723920388912,-0.658245096363335,2.68929499863666,4.40876822505564
"GSM363188",3.1258394633895,3.44897780092984,2.75091686318859,4.69674386795387,2.71394397757699,4.02973455900619,2.74013453999069,-0.764041610694698,3.49176553511236,5.46549395131441
"GSM363189",2.76220516919432,2.90451879241441,2.61008725665531,3.97638942298465,2.25669803863584,3.11051398166003,2.33897597054472,-1.68946515843052,2.95296347111822,4.36245868072107
"GSM363190",3.46207639253774,3.46479800142178,2.68042049927547,4.92533072418405,2.786136385242,4.51011364000614,2.67598643718706,0.448813646012249,3.2900947772425,5.70392321084277
"GSM363191",2.90858055822982,3.0837679801489,2.9445284658355,4.08452858705967,2.47726298300667,3.31616873194333,2.45633352512791,-1.69282806011807,3.10925842593717,4.47287200459624
"GSM363192",4.5496149508119,3.61567337706516,2.96471042692057,5.67767900321669,2.96731534355688,5.03107202596833,2.84983166517737,2.34351681840736,3.49498583496733,6.33692609435472
"GSM363193",3.19484359573356,3.22046292658897,2.94766305698421,4.16309988268959,2.44430045652735,3.37278503562378,2.55632030706043,-0.961569369263958,3.24941228216279,4.63796500229166
"GSM363194",2.74979870502233,3.1888280392491,2.72798549591535,4.27502532514881,2.20920201876712,3.63914915653583,2.56710475436781,-0.727300832873568,2.88799991131886,5.08353409618497
"GSM363195",3.43755747735304,2.99836605730814,2.71935930661656,4.67684389493956,2.50067069416294,3.41684858576245,2.55502385047901,-0.700451744523609,2.76071176290572,4.51982444220408
"GSM363196",2.66065045794595,2.87655070105052,3.16631245512246,4.05325237467621,2.31181730421964,3.38186424479625,2.2449462206799,-0.681906687620315,2.87021852135002,4.66921398926364
"GSM363197",3.35101877259892,3.06825084519577,2.64723187978006,4.30928205810844,2.42267327986822,3.3913205973072,2.58318292896416,-0.788342886355482,3.0156184473231,4.58332012445645
"GSM363198",3.94386993085456,3.31659438784522,3.10079603533146,4.87746928334441,2.88670782942709,4.16353812932145,2.71335961138277,1.08545836342707,2.87720482822358,5.39754229714778
"GSM363199",3.58222132332493,3.072824086525,2.73126019360977,4.50623074257363,2.53897531948836,3.51844498302486,2.51031597610837,-0.629923156732698,3.04904548573577,4.68163671721995
"GSM363200",3.12868281845382,3.25410577982252,2.49135773610754,4.27520688829571,2.39275688266012,3.71626354479276,2.61687340771408,-0.316639567795474,3.13103647610331,5.08077763840044
"GSM363201",3.63553626657904,2.97665505235874,2.57156428787428,4.50218231002059,2.2818653390621,3.36274920409666,2.63527448150571,-0.591255813440765,2.75781528969968,4.38117839339263
"GSM363202",3.8946378007226,3.44077199424638,2.91398533003518,5.060063820083,2.74249562178462,4.15600161224633,2.79881282190725,1.87996864194754,3.30005515838835,5.42613256654087
"GSM363203",2.98740707992177,2.81684412826773,2.57247918067283,4.18627242999768,2.24609057506797,3.12559174462104,2.43155676972977,-1.25485408382782,2.71008307890747,4.32410846540222
"GSM363204",3.87492998703831,3.39825633718459,3.16113767901662,4.63632012138972,2.89597807854959,3.97331886855427,2.90647930939664,0.519484985957869,3.01066509998351,5.29234355879568
"GSM363205",3.39096300485688,2.88109529166374,2.72003886319904,4.95010597720455,2.28290434725781,3.5038055142779,2.48944897644803,0.665806656769139,3.29095155485571,5.04596186470936
"GSM363206",3.34809385949597,3.23743827739524,2.85023370814489,4.39266782398888,2.48672493365839,3.43240748481607,2.5120975164991,-0.719517913975197,3.3676233729367,4.68952709549629
"GSM363207",3.38279393705894,3.20824032719385,3.15391050196764,4.29534522876153,2.69759683703314,4.49236932187406,2.41858537316244,-1.95024311926426,3.16864590557257,5.92249752816541
"GSM363208",2.12470882918166,3.16712957259948,2.56602536314676,3.89335935960292,2.46361742513127,3.20063753059188,2.48439311051801,-3.00896195475925,3.24845666739964,4.40327714635329
"GSM363209",2.85391677383582,3.24743373339413,2.73326829134907,4.35957829707551,2.60989464193709,3.53076706149445,2.55778768134863,-0.415338414792003,2.94359990582891,4.86618382019543
"GSM363210",3.23097394363289,3.1627591668542,2.60798897493879,4.28046375611909,2.42479602683802,3.42511418941397,2.52889880098886,-0.51244002888749,3.32707765765283,4.62302082742709
"GSM363211",3.49558769869619,3.31280043593632,2.97482579120615,4.78467997671822,2.87113036287432,3.84163670090457,2.90619736152253,0.861937510140347,2.54101353265875,4.76221800252528
"GSM363212",2.63724885891487,3.23799195159464,2.73523549904579,4.2580392503189,2.6172980441357,3.34494440424223,2.5744967236512,-1.47802450431072,3.18797835045151,4.45101924008911
"GSM363213",4.03979302115983,3.23487059420294,3.28593762298929,4.86591497207962,2.94030515017424,4.03998526905537,2.95979594174771,1.17470412470572,3.02690993806277,5.25558364085899
"GSM363214",3.53177950626907,2.87588631358767,2.863766623053,4.38305188367599,2.38118261090787,3.42569117492328,2.46773514195902,-0.681211925278805,2.84158759908622,4.62926075087758
"GSM363215",3.34718858030812,3.6790907907187,3.3564546042977,5.07444209268212,2.88229149176915,4.12732801578245,2.85406003232892,0.144194138539453,3.46721292509866,5.32011861751128
"GSM363216",3.04674926458919,3.01554593102803,3.13684143753673,4.14133756688703,2.60408371147203,3.37177019152937,2.53042588934084,-1.71696426622322,2.90205443294379,4.4406552187643
"GSM363217",3.361653958945,3.1479878097269,3.6241541083065,6.49506348301355,2.33308281231707,3.19379928617798,2.89956817316065,-0.500264625022394,3.31138159747012,4.57394309403919
"GSM363218",3.07513276197377,2.92838146203437,3.05151783102303,4.13419303715652,2.77707819758698,3.87805695808355,2.52509942208913,-0.957219906108853,2.88752548323301,5.39281296058972
"GSM363219",2.92146479091004,2.86137741414123,2.77626037604901,4.44056647810484,2.50170768405762,3.29475170970694,2.50340188139372,-1.6936793389506,2.67162510239194,4.25147072971499
"GSM363220",2.95372538720629,3.13950801150285,2.75171357905488,4.09194072868069,2.46653771224047,3.55546217740667,2.42132714485213,-0.768514919122662,3.20766370387327,4.94221953674867
"GSM363221",3.06713816136183,3.05510763645764,2.66751922150213,4.15278672191669,2.38466244062892,3.24094443004535,2.62508067892856,-0.884626644490191,2.95068435090368,4.35890245547191
"GSM363222",3.18675681001473,2.81592466917382,2.85912550773611,4.12177370719945,2.02768805386742,3.40476745208069,2.57277826978299,0.82348547105381,2.25550971255221,4.76557299053633
"GSM363223",3.74379946230143,2.98145124517485,2.86658353061043,4.66805848696073,2.41482391283266,3.44427173046605,2.55567197607488,-0.12956258464044,2.89018889613314,4.53285765248758
"GSM363224",3.50116297106814,3.3472768510051,3.50522539142502,5.70666969288551,2.84688893905937,4.83365173891629,2.74931078582302,1.67908043611372,2.9101913105102,5.92489000633994
"GSM363225",3.73549406032339,3.07553398137783,2.92737210709581,4.53857733097751,2.50130356048944,3.52201397329417,2.60961660700741,-0.414253563712881,3.10521896895632,4.79274359778657
"GSM363226",4.37747464667427,3.37942721336394,3.69001552773353,4.7392612569428,2.6675992047279,4.24043324846669,2.67646019355389,2.06007506241478,3.05255714762089,5.57407841713282
"GSM363227",3.09794444491356,3.06419278077419,2.89120972082298,4.09235733739953,2.3628875314017,3.27271450743148,2.45071563474366,-0.939338018825797,3.20272048244346,4.55699462425148
"GSM363228",2.99473841354695,3.47884059574477,2.95517686123657,5.20555511053756,3.08507660630818,4.61485058737597,2.67253066094269,-0.635623913268572,3.5336392004702,6.21371768324973
"GSM363229",3.66811413336602,3.10968240148525,2.8286472245221,4.5519328754394,2.53113837690893,3.50369500297746,2.52706842667919,-0.261116755891565,3.16950346521891,4.68543744770809
"GSM363230",4.38585439937263,3.2996204722365,2.61843110445353,5.40293395746629,3.02511540135199,4.63994323895091,2.8218714680624,1.74670443479115,3.10636183133825,5.76308883684928
"GSM363231",3.04462265171853,3.19197803524602,3.05829600206603,4.23941996735722,2.53704728475891,3.23963432861088,2.61522933248292,-1.44265726102743,3.12024272484138,4.34808221291357
"GSM363232",3.11304906265466,2.99076228530891,3.22621736423244,4.38404204181881,2.35085178096357,3.41700707993535,2.56611250302099,0.146641844566369,3.15180139880237,4.94120372624451
"GSM363233",2.82286304160541,3.01274662151899,2.78630992862827,4.01618796102319,2.32631501991285,3.07456915677822,2.33317538666413,-1.63624690833479,3.12119744313556,4.32425999063284
"GSM363234",3.13217195855634,3.19519128732768,2.85062373204812,4.22092428236442,2.55936875987856,3.33164415492068,2.56190000394814,-1.21841154953266,3.27811998080711,4.58137561857679
"GSM363235",2.4866928935321,2.86450871239288,2.55916027633207,4.00211211205604,1.99549768828974,3.65999133035731,2.40442510376297,-0.245314805693584,2.49270022767185,5.01703237123697
"GSM363236",2.17070002133845,3.04809534722661,2.79937630998979,3.76647686598182,2.38036542860672,3.16582511134751,2.44763983392735,-2.20559275295323,3.00762991668325,4.49236570903623
"GSM363237",1.82213941675802,2.81110143888564,3.03764691214519,3.60317878526237,1.80572113144003,3.23401118305782,1.92564583228724,-2.20551374223165,2.12104223208628,4.70732055794495
"GSM363238",2.66829712170174,3.10689628271232,2.76912962516354,3.79641612354901,2.34827619576652,3.16965348446037,2.40218283660889,-1.73621355776428,3.3050030831201,4.44064115907295
"GSM363239",3.77595613594549,3.19583631210078,2.94225503605693,5.29757298238918,3.11214173404833,4.46106966076218,2.59535017872565,1.76750353140612,3.25715954759667,5.75306741305209
"GSM363240",3.12039293081225,3.09023857669828,2.80944133804086,4.24728477994569,2.43452001047146,3.34796042621546,2.58217331645586,-1.26221405215455,3.04307575147201,4.56844008769673
"GSM363241",3.62134354525302,3.69932795589478,3.20744544004195,4.95708579242887,2.41796095714915,4.10519272155702,2.62416403191489,0.678327618760781,3.65415122406023,5.38099831172738
"GSM363242",3.10024515541294,3.03145226820545,2.63401534112508,4.18617958461032,2.33592974773879,3.15548501009891,2.54094634376665,-1.21670144188331,3.00799190525631,4.37931163208719
"GSM363243",3.37977734783009,3.13936569999078,2.91886561591117,4.27050967465272,2.46654026895588,3.49602310618331,2.56187628286519,-0.307577214591252,2.98859028166014,4.76284559208668
"GSM363244",2.85170526757238,2.98927271217254,2.75985638224476,4.11333908274088,2.43647359450426,3.03621591857953,2.48522265481529,-1.92597016341326,2.759897375581,4.17180882776968
"GSM363245",1.93619919546268,2.96999973602003,2.78225608923596,4.03771027218045,1.93777494174185,3.32680539562154,2.17490085246451,-0.980860377899931,2.38947688120604,4.58132832824289
"GSM363246",2.86178087303357,3.11430456466687,2.79261187589078,3.91831246953932,2.4822560360986,3.26314123931192,2.51904806174975,-1.57065711821598,3.22364279355903,4.50712431690988
"GSM363247",4.28275500202712,3.23850738572587,3.38255584208992,5.10698214973103,2.7039353032065,4.63218378875959,2.48669711233549,2.02105153294466,3.02820940830762,5.72375970486466
"GSM363248",3.40165183687278,2.97572738970956,2.89041374759858,4.30745360377496,2.29222270969831,3.34755091878743,2.50899702585185,-1.01854294537041,2.97519065311977,4.59480073698617
"GSM363249",3.23479264572332,3.07593993297473,3.06096022963361,4.79391900653358,2.19902244459819,3.59949692023851,2.87127385380968,0.723428718873044,2.21396525390283,4.91035167060219
"GSM363250",3.67799092433479,3.06248157110939,2.65695798123964,4.53031962237299,2.42317942087645,3.43598107261938,2.60332394770684,-0.139884591052773,2.98329927309593,4.556839549446
"GSM363251",3.87482154327268,3.67525148784649,3.0710106390037,4.59038399670839,2.99328814317689,3.92070972984967,3.02912153396436,1.77013067134254,3.36399259137111,5.26230183987123
"GSM363252",3.12433926676573,3.06781077960594,2.97691083072075,4.18538539553001,2.39496376463432,3.34484631069014,2.51860402125527,-1.26583987760047,3.07092121691132,4.51086286368081
"GSM363253",2.64773589691901,2.88318947560185,2.79049210941352,3.92635005414598,2.15942114034156,3.0326404458478,2.26481319191412,-1.77403936002312,2.99720292972584,4.35798357498801
"GSM363254",3.43445644379041,2.98328232968543,2.76799981354575,4.2999656354324,2.40595364047277,3.23593919205009,2.55553774580747,-0.955689798239802,2.86650106113153,4.47837020270835
"GSM363255",3.62702853474034,3.15044047723532,2.74722654694769,4.7517002806913,2.54473820405992,3.54111272319127,2.57140477123466,-0.528650285484134,3.05374953485808,4.63936257159011
"GSM363256",3.37670378782501,3.0612534800104,2.90482472798031,4.49297770210675,2.52475387273782,3.45750409755763,2.56928282293536,-0.983098424191285,2.94829957720132,4.62884614702533
"GSM363257",3.34044680854647,3.12842417873997,2.84304719988271,4.40974857230551,2.61116836218174,3.41169757582993,2.49378269332719,-1.33939938681738,3.20328914716739,4.54771532548432
"GSM363258",3.64921683329862,2.97191490076335,3.00925520615482,4.51297706391281,2.47301829566982,3.32618816806372,2.48636511051374,-0.569674088848876,2.90108993258141,4.53665218564585
"GSM363259",3.71907371279193,3.02752133333441,2.84970304147108,4.67429029400316,2.4604375047777,3.48624296829024,2.52515649505103,-0.518847958491651,2.92243814558758,4.66227540170994
"GSM363260",3.02804415096186,3.10916409033836,2.89751890876187,4.27011765398611,2.52074178996359,3.37370075526811,2.48786440005389,-1.23117241151946,3.09692232725591,4.6390188129946
"GSM363261",3.71577524216627,3.1069865522443,2.6134430779936,4.78823139826295,2.51374464997702,3.44742487199222,2.59974726448561,-0.0338593806087795,2.94696195196571,4.53868249054743
"GSM363262",3.75051845322547,2.95853295502681,2.86883212381926,4.55200203078831,2.44945865043468,3.35884045648498,2.45560512296624,-0.344831850021779,2.93390292327884,4.52096085577906
"GSM363263",2.62426021739917,3.2693287578685,3.32762851883629,4.20847604154089,2.37813334515602,3.62080773598353,2.49846808101391,-0.906883539388249,2.47374600470025,5.07869759781906
"GSM363264",4.07907146289756,3.4359108963596,3.66499257750486,5.16121137212456,3.16583847472117,4.25580705177574,2.86825923113802,1.11924492702253,3.34086985191201,5.46452425461476
"GSM363265",2.58523782281772,3.29168708347939,3.66231797287562,4.14762465866026,2.77922248457315,3.80838153206653,2.61669053620084,-1.45157243768164,2.58150241944071,4.96431516531656
"GSM363266",3.47141520790828,3.13767716411388,2.61521300159536,4.88556427239684,2.71405021116813,4.07635111392776,2.50602753006391,0.695575130699255,3.24735309477635,5.18847192364084
"GSM363267",3.81559808272995,3.58514862415737,3.25013086519204,4.56459500257557,2.75760612840886,4.00036707972389,2.67081195463284,1.01084046458631,3.47968355876334,5.2076988778868
"GSM363268",3.43689733335611,3.07684875805129,3.30150590442751,4.78758059518482,2.35967487431099,4.13792893298604,2.22837736975571,0.278497445592366,2.79714939227008,5.55131434010785
"GSM363269",4.17088619866242,3.08821793716137,3.34661915200403,4.67820326665487,2.49075790109313,3.7588126950811,2.67331320191474,1.20821992298163,2.90194492914998,5.04883637060713
"GSM363270",3.47671372904548,3.24156108154414,3.36995193496153,4.94148681089075,2.79616710854022,4.19765145550634,2.68948228931341,-1.02397227959353,3.07950933756583,5.52377792010537
"GSM363271",0.92970855740225,2.73090560890057,3.50507901340657,2.98911144937863,2.82296624163276,2.91187934110154,2.13713741670813,-4.45467152215846,2.19237057792583,4.21109622082696
"GSM363272",3.96204707790696,3.10599458136547,2.71307955416161,4.70553137954377,2.51637618767105,3.7839074098277,2.45228849501822,0.68798374911404,3.35214790087197,5.13079806310946
"GSM363273",2.99917482531493,2.76609872708503,2.84575484623352,3.8054081210851,2.22345373712657,3.23793347333284,2.25689004777475,-1.02878166297983,2.86516105979284,4.54268871815131
"GSM363274",4.61400869314416,3.53824710464396,2.82852788590728,5.29158908553779,2.84737958037269,4.29787369007467,3.02532673996616,1.80214819096036,3.40524209595637,5.41493844970596
"GSM363275",3.11966275803366,3.00557611945778,2.70734047395373,4.36967649232588,2.35296949181123,3.25517703981297,2.41837010386863,-0.769073888956293,2.89450302750892,4.34157815194278
"GSM363276",3.51903982805556,2.98971541055957,2.80767829545168,4.56558060130237,2.40451333000775,3.26657239941739,2.49347307414523,-0.678380095435913,2.92546746080945,4.47261680210782
"GSM363277",3.58222559920994,2.9645979672329,2.92861874437424,4.76691348758455,2.67057174998074,3.50784539742061,2.5529461360104,-0.63519067647544,2.80685269237564,4.52716144014839
"GSM363278",3.64595068909822,3.01498658119728,2.84644033050352,4.7781193999764,2.65368626132347,3.54670060692001,2.5456099171986,-0.26450042573852,2.99195172083084,4.7192778281662
"GSM363279",3.59377719685003,3.11967843862289,2.93748747945836,4.79297488390035,2.6673867560541,3.56411684251094,2.54675912811637,-0.460264002320364,3.12535454528361,4.69271015773861
"GSM363280",3.51641320075536,3.02055585401962,2.86459782476464,4.60322884966623,2.44725724691786,3.2620616661514,2.46867030784779,-0.943564628201943,2.87779517195943,4.42480574819767
"GSM363281",3.70413288045667,2.98206886407454,2.8110179208809,4.71477075867511,2.57666423756357,3.4703184919735,2.46936700927897,-0.321294377932899,3.11380380631483,4.63726716179126
"GSM363282",2.61464713205436,2.96404741069509,2.80760732685075,4.07768731530637,2.36448916396931,3.06440341517818,2.36183373945425,-2.13343233258332,3.05526235354811,4.24602674388327
"GSM363283",3.31106328698223,2.99806282665194,2.62988749432709,4.46460845614922,2.44655692503674,3.36684333971079,2.42981333263481,-0.762272429207864,2.92933667759751,4.51375298349076
"GSM363284",3.57506553887481,3.08613486378625,2.66712554181158,4.72841889732802,2.54035993237013,3.45008838015466,2.45535517491114,-0.191205220188306,3.20123554583533,4.6219733475414
"GSM363285",2.67108285195295,3.06826075917071,3.22790651887241,4.08124437794354,2.62277039865398,3.18595211235693,2.39941373306931,-2.19932047239197,2.9691616689703,4.21790091505004
"GSM363286",2.87896067446523,2.89832196473409,2.70932630620461,3.88180084399833,2.21024049255327,3.07863739062095,2.21822956560989,-1.70833611960069,3.11347758735531,4.29386410272303
"GSM363287",2.49097472524238,3.13527544054723,2.98677324351609,3.73152188030353,2.35981287837092,3.02168981472123,2.36314209572474,-2.13427034990551,3.29176076425009,4.33063784872594
"GSM363288",3.36595349749566,3.2788614139709,2.65252410936731,4.83338215868416,2.58324203301871,3.7891869512931,2.60784039307904,-0.298292252162807,3.27230196232239,5.00766725046156
"GSM363289",4.32159279299976,3.17404143274667,3.35570842746754,5.3222736745457,2.97465889588334,4.47097821633948,2.94639716511712,1.65580288556207,2.86346373163737,5.54121126871646
"GSM363290",3.28027508393031,3.31773021611232,2.53821550171124,4.94603358186625,2.3085890575096,3.47333138717656,2.73919230987676,0.0605654662106019,3.28541854572278,4.79979195307463
"GSM363291",3.21069182552851,3.52450211543059,3.17289667400151,4.67950579812979,2.87544046748559,3.91160887297216,2.61566308740876,0.254998284593336,3.66145602909899,5.4051112958249
"GSM363292",4.24682478815898,3.48085134960019,3.83819236598212,5.05487662296393,3.47092407663122,4.94489364344446,2.69236733310335,0.832202944369535,3.65918479681524,5.98485597409078
"GSM363293",3.84852358880097,3.25699522931108,3.42363279518037,4.56667924232057,2.57372628426535,3.93936364000921,2.62603730566514,-0.143086833987839,3.3642654876467,5.48973243149286
"GSM363294",2.93567447510421,3.43014584531181,2.60190558471476,4.96180956432406,3.03413457361646,4.19919887490451,2.80533768139996,-1.10301103359965,3.47284828992331,5.43136961196931
"GSM363295",4.02956098853129,3.17980568166356,2.96738417448411,4.86445812445875,2.87505455874806,3.80547163799604,2.79192133274909,0.883729841869109,2.98587144120148,4.93997455242777
"GSM363296",3.29742943803613,3.48403599451559,3.04182994735242,4.62665401340552,2.56496675036514,4.06706764098333,2.67074340047629,0.502967221126055,3.05370437145659,5.14054101603607
"GSM363297",2.29684934690847,2.62818774036813,2.99422835403269,4.15849717371932,2.19501382368723,3.02558165284213,2.14871983096672,-0.857246842283146,2.68752125904094,4.05780135379595
"GSM363298",2.8246504342231,3.0481456839812,3.3970301869054,4.14322478512724,2.80520597525461,3.60554586525279,2.48628726302615,-1.15217804925049,2.56402491765547,4.63812037388627
"GSM363299",3.63993260457501,2.99446379047071,2.8945724872477,4.76821112790737,2.61429296438932,3.50262498102808,2.49359029035582,-0.401457826653907,2.97422895450093,4.60664511776083
"GSM363300",3.27227987954117,2.90445097087912,2.78234340396586,4.41283141715832,2.38468663284636,3.30725881624942,2.33799646644375,-1.0942774177728,2.9861247504049,4.5109991620269
"GSM363301",3.66968579645208,3.00974550510953,2.77018988977047,4.52694388670202,2.44463808902948,3.65586938420931,2.45721354542706,0.0121194291925944,3.27899781367436,4.80713652855654
"GSM363302",3.32231316013621,2.98810537959305,2.95870013983344,4.68301692527566,2.56241099872849,3.4206568838237,2.49890385468499,-1.04905733443603,2.9837206035464,4.58532116387666
"GSM363303",3.27153847677143,2.95904664120071,3.00989828606685,4.72819548020686,2.55888449159141,3.39941157629072,2.40362539296011,-1.11228729196339,3.02318282575546,4.56620739941932
"GSM363304",2.91618254197016,3.03977151255705,2.87422351244489,4.51692939430792,2.48955677261837,3.27131991880627,2.39248849814556,-1.57422635767046,3.18310815636716,4.49127431395495
"GSM363305",3.41483598145923,3.12755003495017,2.98163012954769,4.81668305929827,2.58865749244579,3.54549667130735,2.4753785922594,-0.891273176157309,3.25264364110341,4.69561718520359
"GSM363306",3.19482471835375,2.80027303475333,2.97819863661136,4.45011902810146,2.36622450569808,3.25127916489525,2.43973530325474,-1.11977967426507,2.72828383186552,4.38993560756014
"GSM363307",2.98499788239987,3.21506281455624,2.95236740641616,4.30670648861885,2.57380790323318,3.31220708044855,2.49281338258291,-1.26861075613891,3.3866783845671,4.52631358198398
"GSM363308",3.49306204929673,2.73452152584558,2.9682091857619,4.73234564670918,2.40003657895741,3.24627578438013,2.36976233089662,-1.15467889059166,2.64960542518153,4.2627541494077
"GSM363309",3.48449349079759,3.24478888077432,3.37955287807898,4.64794868975682,2.58761175270167,3.99381651275147,2.37743005165855,0.221478485716597,2.92550340249696,5.16689555274271
"GSM363310",2.93823522053566,3.01268785463068,3.12750997121444,4.82750095579393,2.95363425455313,4.28256152649169,2.54318100675964,0.0250000603049129,3.2585056530889,5.51884364940527
"GSM363311",3.79069852719731,3.36710165870959,2.8987210997101,5.18717540317421,3.01878495555129,4.42392420387293,2.60988516371335,1.17141565453593,3.6232707720789,5.75752317613448
"GSM363312",3.62225342666321,3.08443210999057,2.78918249703508,5.00649631666325,3.22576985121083,4.12633364325828,2.75684326678963,1.11497805253319,2.97769891396921,5.18538160610228
"GSM363313",3.96576082964286,3.31647268208021,3.04002095393167,4.54909499364963,2.69504031715008,3.78988939549474,2.42882943142244,0.608424012426575,3.38583287113958,5.00349817122061
"GSM363314",2.54490011405945,3.23973446799062,3.03410841464157,4.28491632610856,2.31840405114081,3.38002274023473,2.27940809699836,-0.447551403687917,3.60059823261824,4.82476079188335
"GSM363315",3.64950734169246,3.08651424237236,3.17278229191346,4.87204936279241,2.77537612862918,3.82887147170517,2.74348144425184,-0.138147560463707,3.24149687215981,5.00969707106642
"GSM363316",3.78835110280066,3.12579102869313,3.15173177151,5.0440064671186,2.75836661255952,4.04252795818593,2.58279080803014,0.394285672447941,2.74958326686555,5.38388823095655
"GSM363317",3.55305310243328,3.32071519522797,3.24120968038141,5.36439330361238,2.89117085010493,4.76760761023608,2.38270708021807,0.548683317165408,2.92490482076173,6.14295313504963
"GSM363318",3.83985874363016,2.79114812428199,3.42521452891255,4.98577883817986,2.6745661104185,3.61781508553456,2.44944223550388,-0.720715629610233,2.60982434411399,4.57752896474663
"GSM363319",3.45149288275994,3.10473740392593,3.02461941391565,4.79975667035836,2.67733637328659,3.53492490679088,2.5849791468308,-0.999418692190302,3.02381372447393,4.55492789562783
"GSM363320",3.14581048960293,2.99543088077122,3.00215812682141,4.83889255075856,2.50858352297731,3.36457756113355,2.45351159406684,-1.09764859056941,2.76802524890672,4.38592552244747
"GSM363321",3.61446039686325,3.05767194382094,2.84923281177566,4.77280479667637,2.5396493592854,3.52544679807899,2.42030554786427,-0.476359925620975,3.06346200112768,4.5943087268707
"GSM363322",3.40309037304465,3.05772108359514,2.98266207152947,4.67257676818549,2.5288510682471,3.43041156799634,2.53440116189933,-0.855868160183664,2.98721225674867,4.60671144875847
"GSM363323",3.16629422698923,3.00830368034517,2.81433819135846,4.65978672600888,2.38548311633248,3.24247393714659,2.44528993108464,-1.16801045984633,2.85529050168105,4.39133230106463
"GSM363324",3.41072934200697,2.93430526123183,2.91547359827294,5.0096209684932,2.48825006349293,3.51263113662,2.53594095616633,-0.813444863545049,2.92525676860285,4.47325243711724
"GSM363325",3.23748709598652,2.82176048920225,2.63864830945708,4.86316347832715,2.49867537190027,3.4363788734409,2.32750588803522,-0.927336488240402,2.91791770813179,4.5457933309903
"GSM363326",2.64671640039482,3.51236999550214,3.0881908225265,4.26329465702565,2.55820453193934,3.48206262779407,2.61223761447847,-0.811770791537554,3.35305010315714,4.97353389232814
"GSM363327",3.85996072839602,3.2903943113437,2.83185688230896,5.14941122758203,3.14939449556914,4.51997256721475,2.70114605531136,0.494115401248014,3.31071948259765,5.76033646580477
"GSM363328",4.00667589818189,3.44351812930014,3.54215396747646,5.66175853324571,2.87380214800814,4.75944071154071,2.65077824555792,1.29069111456908,3.14880907069451,6.02008333786183
"GSM363329",3.66234251539823,3.37112159533503,3.2544715184658,4.80975277047368,2.58323191055236,3.81310867874193,2.87613618033185,0.250043338412029,3.14840171032905,5.01218336254686
"GSM363330",3.37459766773516,3.03756715206524,2.91817166278234,5.09667845463505,2.83078894108277,3.77803524239497,2.44324183646345,0.17128918107025,2.57381534304512,5.24704325374953
"GSM363331",3.08144925435725,3.54168085040478,3.39569704044346,4.25997595088737,2.74514041886965,3.6286075546329,2.54130269802808,-0.692003929637787,3.36132790378983,5.1447776760973
"GSM363332",3.25175520588648,3.09963519002425,3.10929616592677,5.08428618492467,2.64359741918526,3.87707805433061,2.52995572915875,1.18357044593459,3.00123620504545,4.87728148054875
"GSM363333",3.79856143617551,3.62728203529994,3.66461044216938,5.05945738514901,3.3597145252537,4.20149532021573,2.99022800769587,0.56586940004758,3.00204328437793,5.14561353319969
"GSM363334",3.97377735803687,3.46112441072248,3.09608475125084,4.87781972316605,3.02935343653884,4.346685738391,2.9061998061781,1.40951870345908,3.12348516279941,5.51911864139752
"GSM363335",3.29559973253087,3.14823674994684,2.92945503401814,4.62465239411245,2.50246962027565,3.48849519403094,2.53779187826167,-1.11919838105763,3.22619529247909,4.78672900633552
"GSM363336",3.80666272707876,3.43221815431859,3.38703290286003,5.10754330873616,2.80109603829938,4.41000259177266,2.5654611829273,1.37011792633033,3.44278239715922,5.68312106784324
"GSM363337",3.84641033269935,3.43930940596538,3.21444520739778,5.04148941191402,3.17797917371915,4.45618267510618,2.76537693202178,0.554263731875977,3.03979811297145,5.58896735052307
"GSM363338",3.39848061937189,3.06056749212154,2.83200434379898,4.62385448431139,2.44902257864978,3.32062675195275,2.6142285305006,-0.608445465427902,3.08716347339237,4.63716211917165
"GSM363339",2.94849406052283,3.15118444729462,2.76840398705736,4.78324631336156,2.3492551820839,4.00922224177741,2.66573485534991,0.129983244310788,2.99396180436275,5.12019764232687
"GSM363340",2.75955918130883,2.99159392887972,2.74500958239489,4.08464159208168,2.40014185885481,3.21587203917613,2.43427472506547,-1.6052891379168,3.18859346232336,4.59737235226197
"GSM363341",3.1595903270495,2.89044361589722,3.03715830832176,4.81047155443225,2.4789168482833,4.25549243912786,2.34976739471085,1.41231668027411,2.53090633616251,5.55599787689806
"GSM363342",3.23421198276573,2.96121202415953,2.92390324839476,4.6797976702396,2.47805028640282,3.43550410576969,2.51105847910374,-0.984561426714184,2.91763583324979,4.59207552247879
"GSM363343",3.40021830277962,3.40526236823838,3.09978938638609,4.79297628060101,2.25021898909508,3.52596966901995,3.02854796489819,0.0452825264287068,3.16583477214427,4.7698655259677
"GSM363344",3.96955447110471,3.15972282752634,2.61525267121676,5.61619009526261,3.18861916169865,4.51923728376793,2.72375173996686,2.46887433344012,3.00564390478299,5.66472970671696
"GSM363345",3.34992344200097,2.98925067806553,2.57654119633103,4.73959355652496,2.37353393649233,3.39230132252013,2.55183240659216,-0.588681387997776,3.00131313141059,4.63459021982911
"GSM363346",2.80316391675314,3.1711878420859,2.64116790118675,4.40675078091101,2.58490741696893,3.84230741715735,2.57491058674271,-0.457034251725136,3.39428288140343,5.15107385686702
"GSM363347",2.56174313576869,3.09891765733268,2.99513496147399,3.97681274398019,2.55265601008727,3.23151553377481,2.39159577212803,-2.51928589156104,3.32679179720893,4.46410237980035
"GSM363348",3.16928045919015,3.51090432386305,2.13838327126382,5.39090658456251,2.75800422752648,4.27650422607979,2.8130446085131,-0.150977884158812,3.56984411442292,5.81488083692743
"GSM363349",2.95959382859178,2.96363357859366,2.82024912181315,4.3027835761461,2.34229216940512,3.30954999929291,2.45279979305508,-1.29199577157569,3.10866040221473,4.57749282020227
"GSM363350",3.00406538640366,3.63650118393936,2.74224667215663,5.14063076750507,3.00822369049764,4.59728256941861,2.98224434462148,1.31805248021078,3.11110474713321,5.49408636080996
"GSM363351",2.60710411776554,3.12622916412387,2.83692880682804,4.09538415146669,2.28689346609666,3.17554825489769,2.6150618055818,-1.70497248118839,3.07846051558662,4.38275388384574
"GSM363352",2.92573438820322,3.21386705714258,3.18685859594334,4.33639594265596,2.62199075541513,3.59296641124101,2.48533841736181,-1.30797441164392,3.17419858422487,4.77930836100513
"GSM363353",2.69775065351759,3.06652089523658,2.92765910045458,4.37163780787755,2.54369200510031,3.21752685946644,2.39506621995841,-1.71727797472145,3.31945818085041,4.44619714357991
"GSM363354",2.90375714279241,2.64432812723582,2.47520362832145,4.38375917366676,2.13837369569615,4.17669899440846,1.75750991921644,-0.721060376624805,1.78292128745238,5.62261452711481
"GSM363355",4.20171407425358,3.16021199075904,3.27279130089083,5.39670657388501,3.09130702102824,4.87727916944938,2.83106054541164,0.286088004417039,3.14252392432354,6.11428698975324
"GSM363356",3.35008699474522,2.92475093174189,2.67048218077546,4.77724827704298,2.44073824904487,3.33994643075794,2.54121296509635,-0.635466187115954,2.932456086264,4.41725014817863
"GSM363357",3.28752109007686,3.18573074521227,2.7658387324169,5.4582829507218,2.29638361966306,4.04161932820535,2.82701209931818,0.582886206312762,2.60184221254734,5.27929061668878
"GSM363358",4.40387957169856,3.11323293367065,3.29494820630025,4.42171281617225,2.4999564802362,3.94644126293567,2.75217132230314,2.11182561978116,2.88576933598659,5.17472696640712
"GSM363359",3.13667393338248,2.89545358655317,3.05564431195469,4.5119845463,2.43288287065402,3.3267302220558,2.4829015807839,-1.3641672698299,2.88840081974697,4.51366174276318
"GSM363360",4.2026591385619,3.57423858204741,3.26092785243691,5.80368616910456,3.17207103626992,4.64986935006478,2.8022179843754,1.16229193122844,3.543387438675,5.64158187570768
"GSM363361",3.25770172293809,2.93276503923474,2.83305302505614,4.48292179291423,2.33212605740713,3.43907078618436,2.40121180739843,-0.881801912809344,3.17919376897944,4.74051349029018
"GSM363362",3.87937861320056,3.73774760617626,2.97139128549125,5.65864675716759,2.68067777146984,4.20118534633087,2.95067828982193,1.27520716032787,3.58535198065332,5.58108908573205
"GSM363363",3.27003698661765,2.93109347613957,2.69201668630276,4.68434801872936,2.43470293191636,3.42202973205823,2.44936761456145,-1.0913751404487,2.9522062324841,4.72032008742317
"GSM363364",2.85148524235597,3.03109819201152,2.7750267168568,4.55760107281157,2.5814359187139,3.61726703165197,2.49146878815936,-0.293913539753917,2.86580786593529,4.96675971826151
"GSM363365",3.51573450250076,2.9045012791685,2.73706557604477,4.51850095696841,2.40885446277184,3.44498010754927,2.46787402071907,-0.537889696243089,2.9556707834719,4.70905479509675
"GSM363366",3.85221805743239,3.25856331854808,2.76620165738917,4.92917838270403,3.00733218383914,4.18705259979681,2.74806691020462,1.56073218953481,3.43420751369205,5.43255141554991
"GSM363367",3.41894433056428,3.17836635251226,2.74533374674886,4.87951599278186,2.69126043934783,3.63333432336946,2.6176835435151,-0.484260708513939,3.20084878001667,4.75693409449477
"GSM363368",4.28165763122127,3.44152718761869,3.14148821834036,4.87637848291343,2.50888713158203,3.8855683568509,2.75173568508371,2.07326548056881,3.70524101696415,5.31729513389642
"GSM363369",2.69345338897377,3.05931700267005,3.08095460171293,4.41939992558602,2.64872675686936,3.28574537813445,2.42396718996774,-2.01495221610287,3.15685996354999,4.4700090388468
"GSM363370",3.74516193544639,3.01451861920231,2.77721682395002,5.09039102864686,2.50190439500314,3.5059796557272,2.65090998350014,-0.0399305916284029,2.82270682243003,4.51420331785581
"GSM363371",2.7338023216902,2.89410243312127,2.60105878687406,4.30457295721916,2.55384692562131,3.50450702122827,2.37334510403533,-0.433326260886565,3.14348815597926,4.77482248232516
"GSM363372",3.15276821337952,3.05611276953972,2.96774524851312,4.34036162870192,2.62315308300032,3.42758510216586,2.49336652532837,-0.992046014959311,3.24580222869561,4.73417558070074
"GSM363373",3.49660955942203,2.9875028415217,3.02429610509311,4.95336537708327,2.54775155424261,3.60289277413972,2.55870627189082,-0.684133623900278,2.91602391325387,4.69757444407086
"GSM363374",2.94197437293403,3.00547682286637,2.93871898626841,4.40664893620787,2.43101285072031,3.27626566532864,2.43936153368121,-1.4857283977056,3.2593687978011,4.60296021295449
"GSM363375",2.89999194795208,2.93955106644267,2.67134426601042,4.53287331769308,2.45867958255548,3.32910187068824,2.38803334278176,-1.42347358884677,3.16891416481099,4.59957452739877
"GSM363376",3.52115049308222,3.08187524710715,3.19987619000857,4.87147330044792,2.85513634818527,4.22881194089794,2.66736272590964,0.440791865374718,3.17031011166862,5.66634821430883
"GSM363378",3.20506730883344,2.6843914120682,2.22863984772419,5.30025244491661,2.5479661704483,3.80687336382821,2.2437959766215,0.201798590054292,2.71039265804245,4.89240696793231
"GSM363380",3.12490245601018,2.90466473391846,2.68853690490595,4.39449460348166,2.32104192671664,3.28913171899877,2.47175080808878,-1.14665291934432,3.03544085677495,4.52588157165081
"GSM363381",3.24712994525104,3.0972619041931,2.77244022644965,4.54547507344707,2.48122955173238,3.41799152961604,2.46279867500154,-0.73932505647181,3.32991913311714,4.62829754065269
"GSM363382",3.29766089259292,2.9975723973885,2.75685674444894,4.54944138883646,2.44177429196437,3.41085653511791,2.44598113058166,-0.936485913138745,3.16805156711019,4.69257019609722
"GSM363384",2.50767178354455,2.84811305983567,3.05326294779814,4.85391680790944,2.51055494032148,3.83231505126358,2.1218121354162,0.410957010486987,3.11465900875469,5.42747333286826
"GSM363386",2.93547126649357,3.56891554169438,2.89119511599096,5.1319027144772,2.56694919994384,4.18355288631711,2.79120658958402,0.312603403209914,2.91152379296014,5.41259473262872
"GSM363388",0.970591725662035,2.8517633238868,2.78178742650687,2.95695659891373,2.02617022412623,2.51387211523641,2.15822003060662,-4.08244315893691,2.95286614515705,3.863044785042
"GSM363391",3.87632352522438,3.30811065337147,3.24227633040457,5.14289223136539,2.72316020087111,4.53361353713301,2.64045836415477,1.65081468223357,3.07100721400155,5.73854120247717
"GSM363393",2.20851213345118,3.60790115538114,3.26405045806484,4.53356094870622,3.00781074965757,3.78876696673717,2.80994476401632,-2.54954460139098,3.53741791147632,4.82276876498157
"GSM363397",3.31377684210139,3.16297603714327,2.78844201822411,4.62819039986256,2.5210299331661,3.51412921826135,2.47116587923891,-0.444858643264314,3.44910913458342,4.72952487499195
"GSM363400",3.43446775228537,3.24045138581093,3.36868615681052,5.17706956232462,3.06272367166812,4.49354181552275,2.56157858083556,0.695205857227717,3.00446169424757,5.75375992002488
"GSM363402",3.34794880467897,3.07738490327709,2.77374110286146,4.6143943810577,2.48997881029128,3.37182818851788,2.58899983935986,-0.986768835319736,3.07253861844351,4.49044846834916
"GSM363404",2.89865732527546,2.71161882838917,2.76766365360488,3.88919405674636,2.47535525466165,3.62247292325981,2.67482717534594,-0.762218977577614,2.97723978709303,4.86023269333583
"GSM363407",3.78018327901682,3.09710971812703,3.23659563665818,5.23425993398992,2.68648311756014,3.68006646586501,2.71839984226998,-0.442757046134104,2.70048148929833,4.5974865626034
"GSM363417",3.79723697450958,2.89576457791379,2.68432632601172,4.92978972918011,2.53366328857817,3.41349597793527,2.54979729489087,0.107443489503277,2.82775952837442,4.53297890668577
"GSM712532",3.80634146651826,3.62078242884472,2.60084932765091,5.38141290097387,2.54399453902538,4.25646335040835,2.8512120030811,1.28220239988764,3.25091787775225,5.33220772627321
"GSM712533",3.28376325378493,3.25266562188709,2.79599135475547,4.35771764777936,2.41990870055911,3.40353582290864,2.58533594537002,-1.0290613685674,3.31148407027817,4.68965016320564
"GSM712534",2.89416843034373,2.92653875850402,2.26966428941168,5.03218684914294,2.50890160470821,3.58765424011261,2.35373746876874,-0.635141693753588,2.95856767634428,4.69543463857203
"GSM712535",3.09899980175171,3.10157039725668,2.71034025827138,4.24525869283167,2.37969238363811,3.27474463000897,2.46927489886378,-1.29060049890754,3.24150356290944,4.46107721843651
"GSM712536",3.36790542571257,3.06422739268616,3.16496228811828,4.72221466902141,2.40895547753328,3.26798212731784,2.71759252768109,-1.01239317868469,2.89055345223678,4.50280177819403
"GSM712537",3.55933137122739,2.93746384232401,2.58362398063031,4.68153154221012,2.34488302748434,3.3490403831676,2.46720454032763,-0.340266895795102,2.84594809634532,4.47390273781968
"GSM712538",3.16542062020521,3.3625145830197,2.78233365194659,4.49999139290178,2.58066797589879,3.57407090885922,2.6651945923008,-1.07453265795805,3.45632977486037,4.76580286226619
"GSM712539",3.26026930814107,2.85034175650962,2.85418450037372,5.11883435705568,2.6174946840647,4.46224810434932,2.61377594616532,1.67126251124718,2.62609831586037,5.83774722710104
"GSM712540",3.47855585738681,3.12081340082177,2.87431334899506,4.57343026011754,2.46233839419984,3.40699248398859,2.53544758662096,-0.792200497746379,3.18623561630317,4.63129564991626
"GSM712541",2.86491582121038,2.99944902255517,3.0263026688177,4.18586881758306,2.52680630413654,3.07763473159098,2.50267136851905,-2.21087724965642,2.9548093006669,4.38871502055315
"GSM712542",3.00351212381919,3.5235859608011,3.01537340941096,5.29582858858207,2.9298418712863,3.59669985907775,2.73869954498596,0.573939547896841,3.45222599564694,4.66966099681307
